student_idx,global_idx,step,skill_id,actual_response,encoder1_pred,encoder2_pred,encoder1_binary,encoder2_binary,encoder1_match,encoder2_match,mastery,expected_gain,theta_global,threshold_temp,encoder2_pred_expected,total_steps,unique_skills,accuracy
1,1,1,14,1,0.999961,0.495433,1,0,1,0,0.411983,0.000000,0.439385,1.50,0.495433,11,3,0.8182
1,1,2,14,1,0.999986,0.535196,1,1,1,1,0.650911,0.000000,0.439385,1.50,0.535196,11,3,0.8182
1,1,3,14,0,0.999994,0.455094,1,0,0,1,0.771323,0.000000,0.439385,1.50,0.555098,11,3,0.8182
1,1,4,92,0,0.999906,0.493371,1,0,0,1,0.399612,0.000000,0.439385,1.50,0.493371,11,3,0.8182
1,1,5,92,1,0.994879,0.532079,1,1,1,1,0.632127,0.000000,0.439385,1.50,0.532079,11,3,0.8182
1,1,6,92,1,0.999961,0.551694,1,1,1,1,0.750664,0.000000,0.439385,1.50,0.551694,11,3,0.8182
1,1,7,92,1,0.999807,0.558288,1,1,1,1,0.790708,0.000000,0.439385,1.50,0.558288,11,3,0.8182
1,1,8,92,1,0.999848,0.456064,1,0,1,0,0.802262,0.000000,0.439385,1.50,0.560186,11,3,0.8182
1,1,9,1,1,0.998637,0.496184,1,0,1,0,0.416490,0.000000,0.439385,1.50,0.496184,11,3,0.8182
1,1,10,1,1,0.999722,0.536422,1,1,1,1,0.658304,0.000000,0.439385,1.50,0.536422,11,3,0.8182
1,1,11,1,1,0.997583,0.556334,1,1,1,1,0.778830,0.000000,0.439385,1.50,0.556334,11,3,0.8182
2,2,1,10,1,0.387928,0.456034,0,0,0,0,0.436606,0.000000,0.439385,1.50,0.499537,68,6,0.4265
2,2,2,0,0,0.998265,0.456685,1,0,0,1,0.419796,0.000000,0.439385,1.50,0.496735,68,6,0.4265
2,2,3,7,1,0.956209,0.500493,1,1,1,1,0.442342,0.000000,0.439385,1.50,0.500493,68,6,0.4265
2,2,4,7,0,0.996389,0.542318,1,1,0,0,0.693902,0.000000,0.439385,1.50,0.542318,68,6,0.4265
2,2,5,7,0,0.073395,0.496735,0,0,1,1,0.806736,0.000000,0.439385,1.50,0.560921,68,6,0.4265
2,2,6,0,1,0.101371,0.499537,0,0,0,0,0.661675,0.000000,0.439385,1.50,0.536981,68,6,0.4265
2,2,7,10,1,0.870440,0.540840,1,1,1,1,0.684973,0.000000,0.439385,1.50,0.540840,68,6,0.4265
2,2,8,10,1,0.543493,0.559531,1,1,1,1,0.798272,0.000000,0.439385,1.50,0.559531,68,6,0.4265
2,2,9,10,1,0.114126,0.536981,0,1,0,1,0.832694,0.000000,0.439385,1.50,0.565178,68,6,0.4265
2,2,10,0,0,0.994558,0.556566,1,1,0,0,0.780242,0.000000,0.439385,1.50,0.556566,68,6,0.4265
2,2,11,0,0,0.238422,0.560921,0,1,1,0,0.818983,0.000000,0.439385,1.50,0.562931,68,6,0.4265
2,2,12,7,1,0.327032,0.566490,0,1,0,1,0.840705,0.000000,0.439385,1.50,0.566490,68,6,0.4265
2,2,13,7,1,0.968282,0.567935,1,1,1,1,0.849535,0.000000,0.439385,1.50,0.567935,68,6,0.4265
2,2,14,7,1,0.993333,0.568300,1,1,1,1,0.851764,0.000000,0.439385,1.50,0.568300,68,6,0.4265
2,2,15,7,1,0.774807,0.562931,1,1,1,1,0.852320,0.000000,0.439385,1.50,0.568391,68,6,0.4265
2,2,16,0,1,0.984359,0.564706,1,1,1,1,0.829812,0.000000,0.439385,1.50,0.564706,68,6,0.4265
2,2,17,0,1,0.995540,0.565181,1,1,1,1,0.832711,0.000000,0.439385,1.50,0.565181,68,6,0.4265
2,2,18,0,0,0.999954,0.456504,1,0,0,1,0.833481,0.000000,0.439385,1.50,0.565307,68,6,0.4265
2,2,19,45,0,0.271963,0.497423,0,0,1,1,0.423923,0.000000,0.439385,1.50,0.497423,68,6,0.4265
2,2,20,45,0,0.112451,0.538376,0,1,1,0,0.670093,0.000000,0.439385,1.50,0.538376,68,6,0.4265
2,2,21,45,0,0.272668,0.558443,0,1,1,0,0.791653,0.000000,0.439385,1.50,0.558443,68,6,0.4265
2,2,22,45,0,0.000781,0.450063,0,0,1,1,0.831781,0.000000,0.439385,1.50,0.565029,68,6,0.4265
2,2,23,34,1,0.000228,0.481429,0,0,0,0,0.327909,0.000000,0.439385,1.50,0.481429,68,6,0.4265
2,2,24,34,1,0.939690,0.565029,1,1,1,1,0.519019,0.000000,0.439385,1.50,0.513269,68,6,0.4265
2,2,25,45,1,0.865077,0.566888,1,1,1,1,0.843135,0.000000,0.439385,1.50,0.566888,68,6,0.4265
2,2,26,45,0,0.528740,0.567387,1,1,0,0,0.846185,0.000000,0.439385,1.50,0.567387,68,6,0.4265
2,2,27,45,0,0.102683,0.567519,0,1,1,0,0.846992,0.000000,0.439385,1.50,0.567519,68,6,0.4265
2,2,28,45,0,0.070480,0.567554,0,1,1,0,0.847206,0.000000,0.439385,1.50,0.567554,68,6,0.4265
2,2,29,45,1,0.129355,0.567564,0,1,0,1,0.847263,0.000000,0.439385,1.50,0.567564,68,6,0.4265
2,2,30,45,0,0.659687,0.567566,1,1,0,0,0.847278,0.000000,0.439385,1.50,0.567566,68,6,0.4265
2,2,31,45,0,0.012766,0.456276,0,0,1,1,0.847282,0.000000,0.439385,1.50,0.567567,68,6,0.4265
2,2,32,13,0,0.091096,0.496443,0,0,1,1,0.418043,0.000000,0.439385,1.50,0.496443,68,6,0.4265
2,2,33,13,0,0.034550,0.536912,0,1,1,0,0.661261,0.000000,0.439385,1.50,0.536912,68,6,0.4265
2,2,34,13,1,0.073565,0.557052,0,1,0,1,0.783197,0.000000,0.439385,1.50,0.557052,68,6,0.4265
2,2,35,13,0,0.840714,0.563829,1,1,0,0,0.824461,0.000000,0.439385,1.50,0.563829,68,6,0.4265
2,2,36,13,0,0.030912,0.565766,0,1,1,0,0.836283,0.000000,0.439385,1.50,0.565766,68,6,0.4265
2,2,37,13,1,0.036624,0.566295,0,1,0,1,0.839513,0.000000,0.439385,1.50,0.566295,68,6,0.4265
2,2,38,13,1,0.330004,0.566440,0,1,0,1,0.840394,0.000000,0.439385,1.50,0.566440,68,6,0.4265
2,2,39,13,1,0.693313,0.566478,1,1,1,1,0.840629,0.000000,0.439385,1.50,0.566478,68,6,0.4265
2,2,40,13,1,0.009956,0.513269,0,1,0,1,0.840693,0.000000,0.439385,1.50,0.566488,68,6,0.4265
2,2,41,34,0,0.001669,0.529423,0,1,1,0,0.616128,0.000000,0.439385,1.50,0.529423,68,6,0.4265
2,2,42,34,1,0.000386,0.534803,0,1,0,1,0.648540,0.000000,0.439385,1.50,0.534803,68,6,0.4265
2,2,43,34,0,0.078530,0.536357,0,1,1,0,0.657915,0.000000,0.439385,1.50,0.536357,68,6,0.4265
2,2,44,34,0,0.000465,0.536787,0,1,1,0,0.660505,0.000000,0.439385,1.50,0.536787,68,6,0.4265
2,2,45,34,0,0.000291,0.536903,0,1,1,0,0.661206,0.000000,0.439385,1.50,0.536903,68,6,0.4265
2,2,46,34,0,0.000527,0.536934,0,1,1,0,0.661395,0.000000,0.439385,1.50,0.536934,68,6,0.4265
2,2,47,34,0,0.000237,0.536943,0,1,1,0,0.661446,0.000000,0.439385,1.50,0.536943,68,6,0.4265
2,2,48,34,0,0.065861,0.567567,0,1,1,0,0.661460,0.000000,0.439385,1.50,0.536945,68,6,0.4265
2,2,49,45,1,0.186844,0.567567,0,1,0,1,0.847283,0.000000,0.439385,1.50,0.567567,68,6,0.4265
2,2,50,45,0,0.467792,0.567567,0,1,1,0,0.847283,0.000000,0.439385,1.50,0.567567,68,6,0.4265
2,2,51,45,1,0.099747,0.567567,0,1,0,1,0.847283,0.000000,0.439385,1.50,0.567567,68,6,0.4265
2,2,52,45,0,0.377087,0.567567,0,1,1,0,0.847283,0.000000,0.439385,1.50,0.567567,68,6,0.4265
2,2,53,45,1,0.044419,0.567567,0,1,0,1,0.847283,0.000000,0.439385,1.50,0.567567,68,6,0.4265
2,2,54,45,0,0.601018,0.567567,1,1,0,0,0.847283,0.000000,0.439385,1.50,0.567567,68,6,0.4265
2,2,55,45,0,0.136409,0.567567,0,1,1,0,0.847283,0.000000,0.439385,1.50,0.567567,68,6,0.4265
2,2,56,45,0,0.107854,0.567567,0,1,1,0,0.847283,0.000000,0.439385,1.50,0.567567,68,6,0.4265
2,2,57,45,1,0.000142,0.536945,0,1,0,1,0.847283,0.000000,0.439385,1.50,0.567567,68,6,0.4265
2,2,58,34,0,0.002510,0.536946,0,1,1,0,0.661464,0.000000,0.439385,1.50,0.536946,68,6,0.4265
2,2,59,34,0,0.000178,0.536946,0,1,1,0,0.661464,0.000000,0.439385,1.50,0.536946,68,6,0.4265
2,2,60,34,1,0.000352,0.536946,0,1,0,1,0.661465,0.000000,0.439385,1.50,0.536946,68,6,0.4265
2,2,61,34,0,0.001531,0.536946,0,1,1,0,0.661465,0.000000,0.439385,1.50,0.536946,68,6,0.4265
2,2,62,34,0,0.000213,0.536946,0,1,1,0,0.661465,0.000000,0.439385,1.50,0.536946,68,6,0.4265
2,2,63,34,0,0.000321,0.536946,0,1,1,0,0.661465,0.000000,0.439385,1.50,0.536946,68,6,0.4265
2,2,64,34,0,0.000193,0.536946,0,1,1,0,0.661465,0.000000,0.439385,1.50,0.536946,68,6,0.4265
2,2,65,34,1,0.000172,0.536946,0,1,0,1,0.661465,0.000000,0.439385,1.50,0.536946,68,6,0.4265
2,2,66,34,0,0.001370,0.536946,0,1,1,0,0.661465,0.000000,0.439385,1.50,0.536946,68,6,0.4265
2,2,67,34,0,0.024645,0.566488,0,1,1,0,0.661465,0.000000,0.439385,1.50,0.536946,68,6,0.4265
2,2,68,13,1,0.148586,0.566491,0,1,0,1,0.840710,0.000000,0.439385,1.50,0.566491,68,6,0.4265
3,3,1,81,1,0.999949,0.496025,1,0,1,0,0.415538,0.000000,0.439385,1.50,0.496025,123,22,0.7236
3,3,2,81,0,0.999019,0.536146,1,1,0,0,0.656640,0.000000,0.439385,1.50,0.536146,123,22,0.7236
3,3,3,81,1,0.999046,0.556091,1,1,1,1,0.777353,0.000000,0.439385,1.50,0.556091,123,22,0.7236
3,3,4,81,1,0.996573,0.562738,1,1,1,1,0.817806,0.000000,0.439385,1.50,0.562738,123,22,0.7236
3,3,5,81,1,0.944194,0.564640,1,1,1,1,0.829405,0.000000,0.439385,1.50,0.564640,123,22,0.7236
3,3,6,81,1,0.660615,0.455651,1,0,1,0,0.832566,0.000000,0.439385,1.50,0.565157,123,22,0.7236
3,3,7,32,0,0.928582,0.494787,1,0,0,1,0.408104,0.000000,0.439385,1.50,0.494787,123,22,0.7236
3,3,8,32,0,0.817599,0.534421,1,1,0,0,0.646241,0.000000,0.439385,1.50,0.534421,123,22,0.7236
3,3,9,32,1,0.996265,0.554286,1,1,1,1,0.766392,0.000000,0.439385,1.50,0.554286,123,22,0.7236
3,3,10,32,1,0.984745,0.560915,1,1,1,1,0.806701,0.000000,0.439385,1.50,0.560915,123,22,0.7236
3,3,11,32,0,0.979474,0.562827,1,1,0,0,0.818350,0.000000,0.439385,1.50,0.562827,123,22,0.7236
3,3,12,32,1,0.993281,0.563350,1,1,1,1,0.821536,0.000000,0.439385,1.50,0.563350,123,22,0.7236
3,3,13,32,0,0.978856,0.563491,1,1,0,0,0.822398,0.000000,0.439385,1.50,0.563491,123,22,0.7236
3,3,14,32,0,0.999558,0.563529,1,1,0,0,0.822629,0.000000,0.439385,1.50,0.563529,123,22,0.7236
3,3,15,32,1,0.983984,0.563539,1,1,1,1,0.822692,0.000000,0.439385,1.50,0.563539,123,22,0.7236
3,3,16,32,1,0.927954,0.563542,1,1,1,1,0.822709,0.000000,0.439385,1.50,0.563542,123,22,0.7236
3,3,17,32,1,0.992981,0.563542,1,1,1,1,0.822713,0.000000,0.439385,1.50,0.563543,123,22,0.7236
3,3,18,32,1,0.995093,0.455401,1,0,1,0,0.822714,0.000000,0.439385,1.50,0.563543,123,22,0.7236
3,3,19,74,0,0.999747,0.494294,1,0,0,1,0.405149,0.000000,0.439385,1.50,0.494294,123,22,0.7236
3,3,20,74,1,0.772452,0.533524,1,1,1,1,0.640830,0.000000,0.439385,1.50,0.533524,123,22,0.7236
3,3,21,74,1,0.999083,0.553133,1,1,1,1,0.759390,0.000000,0.439385,1.50,0.553133,123,22,0.7236
3,3,22,74,0,0.991407,0.559757,1,1,0,0,0.799652,0.000000,0.439385,1.50,0.559757,123,22,0.7236
3,3,23,74,1,0.670129,0.561648,1,1,1,1,0.811166,0.000000,0.439385,1.50,0.561648,123,22,0.7236
3,3,24,74,1,0.993686,0.562169,1,1,1,1,0.814339,0.000000,0.439385,1.50,0.562169,123,22,0.7236
3,3,25,74,1,0.997463,0.562309,1,1,1,1,0.815193,0.000000,0.439385,1.50,0.562309,123,22,0.7236
3,3,26,74,0,0.906190,0.455647,1,0,0,1,0.815423,0.000000,0.439385,1.50,0.562347,123,22,0.7236
3,3,27,76,0,0.448009,0.494886,0,0,1,1,0.408698,0.000000,0.439385,1.50,0.494886,123,22,0.7236
3,3,28,76,1,0.137979,0.534340,0,1,0,1,0.645750,0.000000,0.439385,1.50,0.534340,123,22,0.7236
3,3,29,76,1,0.956574,0.554249,1,1,1,1,0.766167,0.000000,0.439385,1.50,0.554249,123,22,0.7236
3,3,30,76,0,0.984863,0.560900,1,1,0,0,0.806606,0.000000,0.439385,1.50,0.560900,123,22,0.7236
3,3,31,76,1,0.087383,0.562808,0,1,0,1,0.818236,0.000000,0.439385,1.50,0.562808,123,22,0.7236
3,3,32,76,1,0.992222,0.563331,1,1,1,1,0.821423,0.000000,0.439385,1.50,0.563331,123,22,0.7236
3,3,33,76,0,0.981960,0.563472,1,1,0,0,0.822284,0.000000,0.439385,1.50,0.563472,123,22,0.7236
3,3,34,76,1,0.194812,0.563511,0,1,0,1,0.822519,0.000000,0.439385,1.50,0.563511,123,22,0.7236
3,3,35,76,1,0.988497,0.563521,1,1,1,1,0.822582,0.000000,0.439385,1.50,0.563521,123,22,0.7236
3,3,36,76,1,0.908934,0.563524,1,1,1,1,0.822600,0.000000,0.439385,1.50,0.563524,123,22,0.7236
3,3,37,76,0,0.010317,0.451209,0,0,1,1,0.822604,0.000000,0.439385,1.50,0.563525,123,22,0.7236
3,3,38,69,1,0.002002,0.484329,0,0,0,0,0.345330,0.000000,0.439385,1.50,0.484329,123,22,0.7236
3,3,39,69,0,0.248695,0.517752,0,1,1,0,0.545942,0.000000,0.439385,1.50,0.517752,123,22,0.7236
3,3,40,69,1,0.005012,0.534578,0,1,0,1,0.647185,0.000000,0.439385,1.50,0.534578,123,22,0.7236
3,3,41,69,1,0.355963,0.540197,0,1,0,1,0.681091,0.000000,0.439385,1.50,0.540197,123,22,0.7236
3,3,42,69,0,0.681770,0.541818,1,1,0,0,0.690880,0.000000,0.439385,1.50,0.541818,123,22,0.7236
3,3,43,69,1,0.009686,0.542260,0,1,0,1,0.693554,0.000000,0.439385,1.50,0.542260,123,22,0.7236
3,3,44,69,1,0.854700,0.542380,1,1,1,1,0.694279,0.000000,0.439385,1.50,0.542380,123,22,0.7236
3,3,45,69,0,0.594230,0.542413,1,1,0,0,0.694475,0.000000,0.439385,1.50,0.542413,123,22,0.7236
3,3,46,69,1,0.219020,0.542421,0,1,0,1,0.694528,0.000000,0.439385,1.50,0.542422,123,22,0.7236
3,3,47,69,1,0.963824,0.542424,1,1,1,1,0.694542,0.000000,0.439385,1.50,0.542424,123,22,0.7236
3,3,48,69,1,0.952989,0.542424,1,1,1,1,0.694546,0.000000,0.439385,1.50,0.542425,123,22,0.7236
3,3,49,69,1,0.999974,0.454409,1,0,1,0,0.694547,0.000000,0.439385,1.50,0.542425,123,22,0.7236
3,3,50,37,0,0.996644,0.492607,1,0,0,1,0.395023,0.000000,0.439385,1.50,0.492607,123,22,0.7236
3,3,51,37,1,0.339849,0.530679,0,1,0,1,0.623689,0.000000,0.439385,1.50,0.530679,123,22,0.7236
3,3,52,37,1,0.994265,0.549294,1,1,1,1,0.736115,0.000000,0.439385,1.50,0.549294,123,22,0.7236
3,3,53,37,1,0.993573,0.555345,1,1,1,1,0.772823,0.000000,0.439385,1.50,0.555345,123,22,0.7236
3,3,54,37,1,0.997998,0.456418,1,0,1,0,0.783144,0.000000,0.439385,1.50,0.557044,123,22,0.7236
3,3,55,10,1,0.999267,0.499636,1,0,1,0,0.437201,0.000000,0.439385,1.50,0.499636,123,22,0.7236
3,3,56,10,1,0.999786,0.540951,1,1,1,1,0.685645,0.000000,0.439385,1.50,0.540951,123,22,0.7236
3,3,57,10,1,0.999928,0.456645,1,0,1,0,0.798549,0.000000,0.439385,1.50,0.559576,123,22,0.7236
3,3,58,8,1,0.999473,0.498472,1,0,1,0,0.430219,0.000000,0.439385,1.50,0.498472,123,22,0.7236
3,3,59,8,0,0.999946,0.539705,1,1,0,0,0.678119,0.000000,0.439385,1.50,0.539705,123,22,0.7236
3,3,60,8,1,0.999897,0.559479,1,1,1,1,0.797955,0.000000,0.439385,1.50,0.559479,123,22,0.7236
3,3,61,8,1,0.999958,0.565849,1,1,1,1,0.836787,0.000000,0.439385,1.50,0.565849,123,22,0.7236
3,3,62,8,1,0.999875,0.567601,1,1,1,1,0.847493,0.000000,0.439385,1.50,0.567601,123,22,0.7236
3,3,63,8,1,0.998401,0.456646,1,0,1,0,0.850338,0.000000,0.439385,1.50,0.568067,123,22,0.7236
3,3,64,9,1,0.999450,0.497947,1,0,1,0,0.427069,0.000000,0.439385,1.50,0.497947,123,22,0.7236
3,3,65,9,1,0.994353,0.539217,1,1,1,1,0.675169,0.000000,0.439385,1.50,0.539216,123,22,0.7236
3,3,66,9,0,0.728186,0.455910,1,0,0,1,0.796692,0.000000,0.439385,1.50,0.559271,123,22,0.7236
3,3,67,12,0,0.855210,0.495513,1,0,0,1,0.412465,0.000000,0.439385,1.50,0.495513,123,22,0.7236
3,3,68,12,1,0.965663,0.535440,1,1,1,1,0.652385,0.000000,0.439385,1.50,0.535440,123,22,0.7236
3,3,69,12,1,0.811358,0.555456,1,1,1,1,0.773494,0.000000,0.439385,1.50,0.555456,123,22,0.7236
3,3,70,12,1,0.954909,0.562143,1,1,1,1,0.814182,0.000000,0.439385,1.50,0.562143,123,22,0.7236
3,3,71,12,1,0.988122,0.456423,1,0,1,0,0.825822,0.000000,0.439385,1.50,0.564052,123,22,0.7236
3,3,72,62,1,0.966707,0.497085,1,0,1,0,0.421895,0.000000,0.439385,1.50,0.497085,123,22,0.7236
3,3,73,62,1,0.998814,0.537950,1,1,1,1,0.667524,0.000000,0.439385,1.50,0.537950,123,22,0.7236
3,3,74,62,1,0.999913,0.456309,1,0,1,0,0.789068,0.000000,0.439385,1.50,0.558018,123,22,0.7236
3,3,75,63,1,0.999630,0.496554,1,0,1,0,0.418710,0.000000,0.439385,1.50,0.496554,123,22,0.7236
3,3,76,63,1,0.999276,0.537012,1,1,1,1,0.661862,0.000000,0.439385,1.50,0.537012,123,22,0.7236
3,3,77,63,1,0.109076,0.453816,0,0,0,0,0.784392,0.000000,0.439385,1.50,0.557249,123,22,0.7236
3,3,78,33,0,0.886630,0.490565,1,0,0,1,0.382770,0.000000,0.439385,1.50,0.490565,123,22,0.7236
3,3,79,33,1,0.057515,0.527570,0,1,0,1,0.604975,0.000000,0.439385,1.50,0.527570,123,22,0.7236
3,3,80,33,1,0.950110,0.546171,1,1,1,1,0.717202,0.000000,0.439385,1.50,0.546171,123,22,0.7236
3,3,81,33,1,0.915611,0.552396,1,1,1,1,0.754921,0.000000,0.439385,1.50,0.552396,123,22,0.7236
3,3,82,33,0,0.708422,0.451271,1,0,0,1,0.765764,0.000000,0.439385,1.50,0.554183,123,22,0.7236
3,3,83,60,1,0.483004,0.484352,0,0,0,0,0.345466,0.000000,0.439385,1.50,0.484352,123,22,0.7236
3,3,84,60,1,0.888152,0.517856,1,1,1,1,0.546568,0.000000,0.439385,1.50,0.517856,123,22,0.7236
3,3,85,60,1,0.973412,0.534760,1,1,1,1,0.648284,0.000000,0.439385,1.50,0.534760,123,22,0.7236
3,3,86,60,0,0.991592,0.449431,1,0,0,1,0.682713,0.000000,0.439385,1.50,0.540466,123,22,0.7236
3,3,87,5,0,0.013926,0.479891,0,0,1,1,0.318666,0.000000,0.439385,1.50,0.479891,123,22,0.7236
3,3,88,5,1,0.002872,0.510871,0,1,0,1,0.504619,0.000000,0.439385,1.50,0.510871,123,22,0.7236
3,3,89,5,0,0.953095,0.526532,1,1,0,0,0.598726,0.000000,0.439385,1.50,0.526532,123,22,0.7236
3,3,90,5,0,0.001856,0.531810,0,1,1,0,0.630504,0.000000,0.439385,1.50,0.531810,123,22,0.7236
3,3,91,5,1,0.000487,0.533339,0,1,0,1,0.639719,0.000000,0.439385,1.50,0.533339,123,22,0.7236
3,3,92,5,1,0.953902,0.533757,1,1,1,1,0.642237,0.000000,0.439385,1.50,0.533757,123,22,0.7236
3,3,93,5,1,0.978000,0.533871,1,1,1,1,0.642925,0.000000,0.439385,1.50,0.533871,123,22,0.7236
3,3,94,5,1,0.999902,0.456276,1,0,1,0,0.643110,0.000000,0.439385,1.50,0.533902,123,22,0.7236
3,3,95,13,1,0.999496,0.496480,1,0,1,0,0.418266,0.000000,0.439385,1.50,0.496480,123,22,0.7236
3,3,96,13,1,0.999963,0.537029,1,1,1,1,0.661968,0.000000,0.439385,1.50,0.537029,123,22,0.7236
3,3,97,13,1,0.999758,0.456504,1,0,1,0,0.784050,0.000000,0.439385,1.50,0.557193,123,22,0.7236
3,3,98,45,1,0.999392,0.497413,1,0,1,0,0.423861,0.000000,0.439385,1.50,0.497413,123,22,0.7236
3,3,99,45,1,0.996371,0.538471,1,1,1,1,0.670671,0.000000,0.439385,1.50,0.538471,123,22,0.7236
3,3,100,45,0,0.000126,0.449825,0,0,1,1,0.792144,0.000000,0.439385,1.50,0.558524,123,22,0.7236
3,3,101,25,1,0.000080,0.480790,0,0,0,0,0.324068,0.000000,0.439385,1.50,0.480790,123,22,0.7236
3,3,102,25,1,0.798996,0.512204,1,1,1,1,0.512626,0.000000,0.439385,1.50,0.512204,123,22,0.7236
3,3,103,25,1,0.806428,0.528238,1,1,1,1,0.608994,0.000000,0.439385,1.50,0.528238,123,22,0.7236
3,3,104,25,0,0.999977,0.454584,1,0,0,1,0.641607,0.000000,0.439385,1.50,0.533653,123,22,0.7236
3,3,105,21,1,0.507317,0.492374,1,0,1,0,0.393626,0.000000,0.439385,1.50,0.492374,123,22,0.7236
3,3,106,21,1,0.912323,0.530507,1,1,1,1,0.622654,0.000000,0.439385,1.50,0.530507,123,22,0.7236
3,3,107,21,1,0.980017,0.549654,1,1,1,1,0.738297,0.000000,0.439385,1.50,0.549654,123,22,0.7236
3,3,108,21,1,0.978826,0.455490,1,0,1,0,0.776782,0.000000,0.439385,1.50,0.555997,123,22,0.7236
3,3,109,67,0,0.974738,0.494506,1,0,0,1,0.406419,0.000000,0.439385,1.50,0.494506,123,22,0.7236
3,3,110,67,0,0.821695,0.533837,1,1,0,0,0.642719,0.000000,0.439385,1.50,0.533837,123,22,0.7236
3,3,111,67,1,0.974398,0.553603,1,1,1,1,0.762241,0.000000,0.439385,1.50,0.553603,123,22,0.7236
3,3,112,67,1,0.995525,0.560200,1,1,1,1,0.802344,0.000000,0.439385,1.50,0.560200,123,22,0.7236
3,3,113,67,1,0.985398,0.562080,1,1,1,1,0.813795,0.000000,0.439385,1.50,0.562080,123,22,0.7236
3,3,114,67,0,0.365594,0.454358,0,0,1,1,0.816918,0.000000,0.439385,1.50,0.562592,123,22,0.7236
3,3,115,40,1,0.159149,0.491442,0,0,0,0,0.388035,0.000000,0.439385,1.50,0.491442,123,22,0.7236
3,3,116,40,1,0.982910,0.529225,1,1,1,1,0.614934,0.000000,0.439385,1.50,0.529225,123,22,0.7236
3,3,117,40,1,0.929678,0.548401,1,1,1,1,0.730705,0.000000,0.439385,1.50,0.548401,123,22,0.7236
3,3,118,40,0,0.305400,0.450126,0,0,1,1,0.769818,0.000000,0.439385,1.50,0.554851,123,22,0.7236
3,3,119,51,0,0.000738,0.481547,0,0,1,1,0.328620,0.000000,0.439385,1.50,0.481547,123,22,0.7236
3,3,120,51,0,0.000572,0.513430,0,1,1,0,0.519984,0.000000,0.439385,1.50,0.513430,123,22,0.7236
3,3,121,51,1,0.000629,0.529614,0,1,0,1,0.617279,0.000000,0.439385,1.50,0.529614,123,22,0.7236
3,3,122,51,1,0.843370,0.535072,1,1,1,1,0.650164,0.000000,0.439385,1.50,0.535072,123,22,0.7236
3,3,123,51,1,0.791812,0.536646,1,1,1,1,0.659657,0.000000,0.439385,1.50,0.536646,123,22,0.7236
4,6,1,24,1,0.999918,0.490482,1,0,1,0,0.382270,0.000000,0.439385,1.50,0.490482,10,3,0.8000
4,6,2,24,1,0.999957,0.527444,1,1,1,1,0.604218,0.000000,0.439385,1.50,0.527444,10,3,0.8000
4,6,3,24,0,0.990986,0.454240,1,0,0,1,0.715468,0.000000,0.439385,1.50,0.545884,10,3,0.8000
4,6,4,27,0,0.996848,0.491147,1,0,0,1,0.386261,0.000000,0.439385,1.50,0.491147,10,3,0.8000
4,6,5,27,1,0.997260,0.528954,1,1,1,1,0.613302,0.000000,0.439385,1.50,0.528954,10,3,0.8000
4,6,6,27,1,0.999604,0.547921,1,1,1,1,0.727795,0.000000,0.439385,1.50,0.547921,10,3,0.8000
4,6,7,27,1,0.999532,0.554320,1,1,1,1,0.766597,0.000000,0.439385,1.50,0.554320,10,3,0.8000
4,6,8,27,1,0.999527,0.452781,1,0,1,0,0.777794,0.000000,0.439385,1.50,0.556163,10,3,0.8000
4,6,9,41,1,0.999753,0.487710,1,0,1,0,0.365632,0.000000,0.439385,1.50,0.487710,10,3,0.8000
4,6,10,41,1,0.999427,0.523292,1,1,1,1,0.579237,0.000000,0.439385,1.50,0.523292,10,3,0.8000
5,10,1,32,0,0.999991,0.494968,1,0,0,1,0.409191,0.000000,0.439385,1.50,0.494968,62,13,0.7419
5,10,2,32,0,0.999505,0.534411,1,1,0,0,0.646179,0.000000,0.439385,1.50,0.534411,62,13,0.7419
5,10,3,32,0,0.996529,0.554329,1,1,0,0,0.766650,0.000000,0.439385,1.50,0.554329,62,13,0.7419
5,10,4,32,1,0.994604,0.560926,1,1,1,1,0.806765,0.000000,0.439385,1.50,0.560926,62,13,0.7419
5,10,5,32,1,0.995082,0.562829,1,1,1,1,0.818363,0.000000,0.439385,1.50,0.562829,62,13,0.7419
5,10,6,32,1,0.999522,0.563349,1,1,1,1,0.821532,0.000000,0.439385,1.50,0.563349,62,13,0.7419
5,10,7,32,0,0.999887,0.456685,1,0,0,1,0.822396,0.000000,0.439385,1.50,0.563490,62,13,0.7419
5,10,8,7,0,0.834539,0.500445,1,1,0,0,0.442056,0.000000,0.439385,1.50,0.500445,62,13,0.7419
5,10,9,7,1,0.856704,0.542160,1,1,1,1,0.692949,0.000000,0.439385,1.50,0.542160,62,13,0.7419
5,10,10,7,1,0.999797,0.560893,1,1,1,1,0.806565,0.000000,0.439385,1.50,0.560893,62,13,0.7419
5,10,11,7,0,0.999451,0.566478,1,1,0,0,0.840629,0.000000,0.439385,1.50,0.566478,62,13,0.7419
5,10,12,7,1,0.918435,0.567935,1,1,1,1,0.849534,0.000000,0.439385,1.50,0.567935,62,13,0.7419
5,10,13,7,1,0.999493,0.568300,1,1,1,1,0.851762,0.000000,0.439385,1.50,0.568300,62,13,0.7419
5,10,14,7,1,0.999849,0.568391,1,1,1,1,0.852319,0.000000,0.439385,1.50,0.568391,62,13,0.7419
5,10,15,7,0,0.998223,0.456010,1,0,0,1,0.852457,0.000000,0.439385,1.50,0.568414,62,13,0.7419
5,10,16,16,1,0.980107,0.495576,1,0,1,0,0.412840,0.000000,0.439385,1.50,0.495576,62,13,0.7419
5,10,17,16,1,0.999916,0.535742,1,1,1,1,0.654203,0.000000,0.439385,1.50,0.535742,62,13,0.7419
5,10,18,16,0,0.999840,0.555857,1,1,0,0,0.775934,0.000000,0.439385,1.50,0.555857,62,13,0.7419
5,10,19,16,1,0.994127,0.562574,1,1,1,1,0.816810,0.000000,0.439385,1.50,0.562574,62,13,0.7419
5,10,20,16,1,0.999536,0.564510,1,1,1,1,0.828617,0.000000,0.439385,1.50,0.564510,62,13,0.7419
5,10,21,16,1,0.999848,0.565042,1,1,1,1,0.831862,0.000000,0.439385,1.50,0.565042,62,13,0.7419
5,10,22,16,1,0.997259,0.454743,1,0,1,0,0.832740,0.000000,0.439385,1.50,0.565186,62,13,0.7419
5,10,23,43,1,0.998307,0.492329,1,0,1,0,0.393357,0.000000,0.439385,1.50,0.492329,62,13,0.7419
5,10,24,43,1,0.997719,0.530678,1,1,1,1,0.623683,0.000000,0.439385,1.50,0.530678,62,13,0.7419
5,10,25,43,1,0.999898,0.568413,1,1,1,1,0.741184,0.000000,0.439385,1.50,0.550131,62,13,0.7419
5,10,26,7,1,0.999595,0.568419,1,1,1,1,0.852492,0.000000,0.439385,1.50,0.568419,62,13,0.7419
5,10,27,7,1,0.999362,0.568421,1,1,1,1,0.852500,0.000000,0.439385,1.50,0.568421,62,13,0.7419
5,10,28,7,1,0.999626,0.568421,1,1,1,1,0.852502,0.000000,0.439385,1.50,0.568421,62,13,0.7419
5,10,29,7,1,0.993512,0.453799,1,0,1,0,0.852503,0.000000,0.439385,1.50,0.568421,62,13,0.7419
5,10,30,91,1,0.988797,0.490318,1,0,1,0,0.381285,0.000000,0.439385,1.50,0.490318,62,13,0.7419
5,10,31,91,1,0.991538,0.527164,1,1,1,1,0.602532,0.000000,0.439385,1.50,0.527164,62,13,0.7419
5,10,32,91,1,0.999826,0.456418,1,0,1,0,0.715697,0.000000,0.439385,1.50,0.545922,62,13,0.7419
5,10,33,10,1,0.999886,0.499337,1,0,1,0,0.435407,0.000000,0.439385,1.50,0.499337,62,13,0.7419
5,10,34,10,1,0.999778,0.540750,1,1,1,1,0.684430,0.000000,0.439385,1.50,0.540750,62,13,0.7419
5,10,35,10,1,0.982083,0.454365,1,0,1,0,0.798159,0.000000,0.439385,1.50,0.559512,62,13,0.7419
5,10,36,44,1,0.977764,0.491688,1,0,1,0,0.389510,0.000000,0.439385,1.50,0.491688,62,13,0.7419
5,10,37,44,1,0.993820,0.529417,1,1,1,1,0.616094,0.000000,0.439385,1.50,0.529417,62,13,0.7419
5,10,38,44,1,0.997405,0.559512,1,1,1,1,0.731298,0.000000,0.439385,1.50,0.548499,62,13,0.7419
5,10,39,10,1,0.999203,0.565175,1,1,1,1,0.832671,0.000000,0.439385,1.50,0.565175,62,13,0.7419
5,10,40,10,1,0.999584,0.566662,1,1,1,1,0.841753,0.000000,0.439385,1.50,0.566662,62,13,0.7419
5,10,41,10,1,0.999856,0.456605,1,0,1,0,0.844047,0.000000,0.439385,1.50,0.567038,62,13,0.7419
5,10,42,77,1,0.999564,0.498244,1,0,1,0,0.428850,0.000000,0.439385,1.50,0.498244,62,13,0.7419
5,10,43,77,1,0.999908,0.539463,1,1,1,1,0.676659,0.000000,0.439385,1.50,0.539463,62,13,0.7419
5,10,44,77,1,0.999010,0.456646,1,0,1,0,0.797069,0.000000,0.439385,1.50,0.559333,62,13,0.7419
5,10,45,9,0,0.998609,0.497884,1,0,0,1,0.426692,0.000000,0.439385,1.50,0.497884,62,13,0.7419
5,10,46,9,1,0.999701,0.539009,1,1,1,1,0.673914,0.000000,0.439385,1.50,0.539009,62,13,0.7419
5,10,47,9,1,0.997763,0.559210,1,1,1,1,0.796321,0.000000,0.439385,1.50,0.559210,62,13,0.7419
5,10,48,9,1,0.991231,0.565735,1,1,1,1,0.836093,0.000000,0.439385,1.50,0.565735,62,13,0.7419
5,10,49,9,1,0.999019,0.456645,1,0,1,0,0.847325,0.000000,0.439385,1.50,0.567574,62,13,0.7419
5,10,50,8,1,0.999923,0.498392,1,0,1,0,0.429737,0.000000,0.439385,1.50,0.498392,62,13,0.7419
5,10,51,8,1,0.999920,0.539724,1,1,1,1,0.678232,0.000000,0.439385,1.50,0.539724,62,13,0.7419
5,10,52,8,1,0.963644,0.455605,1,0,1,0,0.798004,0.000000,0.439385,1.50,0.559487,62,13,0.7419
5,10,53,39,1,0.999449,0.494500,1,0,1,0,0.406386,0.000000,0.439385,1.50,0.494500,62,13,0.7419
5,10,54,39,1,0.999446,0.533978,1,1,1,1,0.643566,0.000000,0.439385,1.50,0.533978,62,13,0.7419
5,10,55,39,0,0.999486,0.455321,1,0,0,1,0.764091,0.000000,0.439385,1.50,0.553907,62,13,0.7419
5,10,56,75,0,0.935609,0.494016,1,0,0,1,0.403477,0.000000,0.439385,1.50,0.494016,62,13,0.7419
5,10,57,75,1,0.825412,0.455401,1,0,1,0,0.638090,0.000000,0.439385,1.50,0.533069,62,13,0.7419
5,10,58,74,0,0.998163,0.494071,1,0,0,1,0.403808,0.000000,0.439385,1.50,0.494071,62,13,0.7419
5,10,59,74,0,0.838249,0.533351,1,1,0,0,0.639788,0.000000,0.439385,1.50,0.533351,62,13,0.7419
5,10,60,74,0,0.468207,0.553116,0,1,1,0,0.759287,0.000000,0.439385,1.50,0.553116,62,13,0.7419
5,10,61,74,0,0.264048,0.533069,0,1,1,0,0.799605,0.000000,0.439385,1.50,0.559750,62,13,0.7419
5,10,62,75,0,0.254257,0.455647,0,0,1,1,0.756984,0.000000,0.439385,1.50,0.552736,62,13,0.7419
6,12,1,47,0,0.999985,0.493301,1,0,0,1,0.399190,0.000000,0.439385,1.50,0.493301,55,7,0.5455
6,12,2,47,1,0.436867,0.531805,0,1,0,1,0.630473,0.000000,0.439385,1.50,0.531805,55,7,0.5455
6,12,3,47,1,0.999781,0.551174,1,1,1,1,0.747505,0.000000,0.439385,1.50,0.551173,55,7,0.5455
6,12,4,47,1,0.999977,0.557665,1,1,1,1,0.786924,0.000000,0.439385,1.50,0.557665,55,7,0.5455
6,12,5,47,1,1.000000,0.456504,1,0,1,0,0.798285,0.000000,0.439385,1.50,0.559533,55,7,0.5455
6,12,6,45,0,0.999996,0.497736,1,0,0,1,0.425801,0.000000,0.439385,1.50,0.497736,55,7,0.5455
6,12,7,45,1,0.999343,0.538665,1,1,1,1,0.671841,0.000000,0.439385,1.50,0.538665,55,7,0.5455
6,12,8,45,0,0.999937,0.558607,1,1,0,0,0.792653,0.000000,0.439385,1.50,0.558607,55,7,0.5455
6,12,9,45,1,0.997270,0.565077,1,1,1,1,0.832076,0.000000,0.439385,1.50,0.565077,55,7,0.5455
6,12,10,45,0,0.999928,0.566895,1,1,0,0,0.843178,0.000000,0.439385,1.50,0.566895,55,7,0.5455
6,12,11,45,0,0.979084,0.567390,1,1,0,0,0.846199,0.000000,0.439385,1.50,0.567390,55,7,0.5455
6,12,12,45,0,0.902303,0.567520,1,1,0,0,0.846996,0.000000,0.439385,1.50,0.567520,55,7,0.5455
6,12,13,45,1,0.833132,0.567555,1,1,1,1,0.847207,0.000000,0.439385,1.50,0.567555,55,7,0.5455
6,12,14,45,0,0.999392,0.567564,1,1,0,0,0.847263,0.000000,0.439385,1.50,0.567564,55,7,0.5455
6,12,15,45,1,0.050143,0.455470,0,0,0,0,0.847278,0.000000,0.439385,1.50,0.567566,55,7,0.5455
6,12,16,15,1,0.948166,0.494516,1,0,1,0,0.406480,0.000000,0.439385,1.50,0.494516,55,7,0.5455
6,12,17,15,1,0.986579,0.533694,1,1,1,1,0.641856,0.000000,0.439385,1.50,0.533694,55,7,0.5455
6,12,18,15,1,0.991353,0.455484,1,0,1,0,0.761104,0.000000,0.439385,1.50,0.553415,55,7,0.5455
6,12,19,23,1,0.980089,0.494222,1,0,1,0,0.404716,0.000000,0.439385,1.50,0.494222,55,7,0.5455
6,12,20,23,1,0.848287,0.533533,1,1,1,1,0.640886,0.000000,0.439385,1.50,0.533533,55,7,0.5455
6,12,21,23,1,0.999127,0.567566,1,1,1,1,0.760945,0.000000,0.439385,1.50,0.553389,55,7,0.5455
6,12,22,45,1,0.980758,0.567567,1,1,1,1,0.847282,0.000000,0.439385,1.50,0.567567,55,7,0.5455
6,12,23,45,1,0.984178,0.567567,1,1,1,1,0.847283,0.000000,0.439385,1.50,0.567567,55,7,0.5455
6,12,24,45,1,0.039654,0.453506,0,0,0,0,0.847283,0.000000,0.439385,1.50,0.567567,55,7,0.5455
6,12,25,22,1,0.996175,0.453786,1,0,1,0,0.377447,0.000000,0.439385,1.50,0.489678,55,7,0.5455
6,12,26,54,1,0.985872,0.490249,1,0,1,0,0.380872,0.000000,0.439385,1.50,0.490249,55,7,0.5455
6,12,27,54,1,0.991870,0.527234,1,1,1,1,0.602950,0.000000,0.439385,1.50,0.527234,55,7,0.5455
6,12,28,54,0,0.999363,0.456275,1,0,0,1,0.715582,0.000000,0.439385,1.50,0.545903,55,7,0.5455
6,12,29,73,1,0.942904,0.496397,1,0,1,0,0.417765,0.000000,0.439385,1.50,0.496397,55,7,0.5455
6,12,30,73,1,0.992932,0.536873,1,1,1,1,0.661024,0.000000,0.439385,1.50,0.536873,55,7,0.5455
6,12,31,73,1,0.992967,0.557016,1,1,1,1,0.782978,0.000000,0.439385,1.50,0.557016,55,7,0.5455
6,12,32,73,0,0.303788,0.489678,0,0,1,1,0.824415,0.000000,0.439385,1.50,0.563822,55,7,0.5455
6,12,33,22,1,0.048995,0.526212,0,1,0,1,0.596800,0.000000,0.439385,1.50,0.526212,55,7,0.5455
6,12,34,22,0,0.862512,0.544697,1,1,0,0,0.708286,0.000000,0.439385,1.50,0.544697,55,7,0.5455
6,12,35,22,0,0.013239,0.550895,0,1,1,0,0.745819,0.000000,0.439385,1.50,0.550895,55,7,0.5455
6,12,36,22,0,0.007215,0.552691,0,1,1,0,0.756712,0.000000,0.439385,1.50,0.552691,55,7,0.5455
6,12,37,22,0,0.029848,0.553187,0,1,1,0,0.759717,0.000000,0.439385,1.50,0.553187,55,7,0.5455
6,12,38,22,0,0.004983,0.553322,0,1,1,0,0.760537,0.000000,0.439385,1.50,0.553322,55,7,0.5455
6,12,39,22,1,0.013537,0.553358,0,1,0,1,0.760760,0.000000,0.439385,1.50,0.553358,55,7,0.5455
6,12,40,22,0,0.924974,0.553368,1,1,0,0,0.760820,0.000000,0.439385,1.50,0.553368,55,7,0.5455
6,12,41,22,0,0.006067,0.553371,0,1,1,0,0.760836,0.000000,0.439385,1.50,0.553371,55,7,0.5455
6,12,42,22,0,0.737399,0.553415,1,1,0,0,0.760841,0.000000,0.439385,1.50,0.553372,55,7,0.5455
6,12,43,15,1,0.850572,0.560070,1,1,1,1,0.801552,0.000000,0.439385,1.50,0.560070,55,7,0.5455
6,12,44,15,0,0.904776,0.561974,1,1,0,0,0.813154,0.000000,0.439385,1.50,0.561974,55,7,0.5455
6,12,45,15,1,0.603991,0.562493,1,1,1,1,0.816316,0.000000,0.439385,1.50,0.562493,55,7,0.5455
6,12,46,15,0,0.971377,0.562635,1,1,0,0,0.817178,0.000000,0.439385,1.50,0.562635,55,7,0.5455
6,12,47,15,0,0.491061,0.562673,0,1,1,0,0.817411,0.000000,0.439385,1.50,0.562673,55,7,0.5455
6,12,48,15,0,0.669925,0.562683,1,1,0,0,0.817473,0.000000,0.439385,1.50,0.562683,55,7,0.5455
6,12,49,15,1,0.921401,0.562686,1,1,1,1,0.817490,0.000000,0.439385,1.50,0.562686,55,7,0.5455
6,12,50,15,1,0.954502,0.562687,1,1,1,1,0.817495,0.000000,0.439385,1.50,0.562687,55,7,0.5455
6,12,51,15,1,0.969910,0.562687,1,1,1,1,0.817496,0.000000,0.439385,1.50,0.562687,55,7,0.5455
6,12,52,15,0,0.139575,0.553372,0,1,1,0,0.817497,0.000000,0.439385,1.50,0.562687,55,7,0.5455
6,12,53,22,0,0.015542,0.553372,0,1,1,0,0.760842,0.000000,0.439385,1.50,0.553372,55,7,0.5455
6,12,54,22,0,0.019976,0.553372,0,1,1,0,0.760842,0.000000,0.439385,1.50,0.553372,55,7,0.5455
6,12,55,22,0,0.016845,0.553372,0,1,1,0,0.760842,0.000000,0.439385,1.50,0.553372,55,7,0.5455
7,13,1,20,1,0.031087,0.448241,0,0,0,0,0.392462,0.000000,0.439385,1.50,0.492180,34,8,0.7647
7,13,2,6,0,0.587536,0.476959,1,0,0,1,0.301040,0.000000,0.439385,1.50,0.476959,34,8,0.7647
7,13,3,6,1,0.999752,0.456504,1,0,1,0,0.476694,0.000000,0.439385,1.50,0.506218,34,8,0.7647
7,13,4,45,0,0.990188,0.497559,1,0,0,1,0.424742,0.000000,0.439385,1.50,0.497559,34,8,0.7647
7,13,5,45,0,0.178400,0.538540,0,1,1,0,0.671087,0.000000,0.439385,1.50,0.538540,34,8,0.7647
7,13,6,45,1,0.364306,0.558575,0,1,0,1,0.792454,0.000000,0.439385,1.50,0.558575,34,8,0.7647
7,13,7,45,1,0.989503,0.565072,1,1,1,1,0.832044,0.000000,0.439385,1.50,0.565072,34,8,0.7647
7,13,8,45,1,0.979772,0.566900,1,1,1,1,0.843207,0.000000,0.439385,1.50,0.566900,34,8,0.7647
7,13,9,45,0,0.883387,0.567391,1,1,0,0,0.846206,0.000000,0.439385,1.50,0.567391,34,8,0.7647
7,13,10,45,1,0.218343,0.567520,0,1,0,1,0.846998,0.000000,0.439385,1.50,0.567520,34,8,0.7647
7,13,11,45,0,0.909145,0.567555,1,1,0,0,0.847208,0.000000,0.439385,1.50,0.567555,34,8,0.7647
7,13,12,45,1,0.100597,0.567564,0,1,0,1,0.847263,0.000000,0.439385,1.50,0.567564,34,8,0.7647
7,13,13,45,1,0.789287,0.567566,1,1,1,1,0.847278,0.000000,0.439385,1.50,0.567566,34,8,0.7647
7,13,14,45,1,0.990331,0.567567,1,1,1,1,0.847282,0.000000,0.439385,1.50,0.567567,34,8,0.7647
7,13,15,45,1,0.412951,0.456275,0,0,0,0,0.847283,0.000000,0.439385,1.50,0.567567,34,8,0.7647
7,13,16,73,1,0.796942,0.496336,1,0,1,0,0.417404,0.000000,0.439385,1.50,0.496336,34,8,0.7647
7,13,17,73,1,0.987482,0.536851,1,1,1,1,0.660892,0.000000,0.439385,1.50,0.536851,34,8,0.7647
7,13,18,73,0,0.587291,0.454953,1,0,0,1,0.783398,0.000000,0.439385,1.50,0.557085,34,8,0.7647
7,13,19,47,1,0.021175,0.493096,0,0,0,0,0.397956,0.000000,0.439385,1.50,0.493096,34,8,0.7647
7,13,20,47,1,0.273979,0.531652,0,1,0,1,0.629551,0.000000,0.439385,1.50,0.531652,34,8,0.7647
7,13,21,47,1,0.859639,0.551096,1,1,1,1,0.747037,0.000000,0.439385,1.50,0.551096,34,8,0.7647
7,13,22,47,1,0.999899,0.456645,1,0,1,0,0.786747,0.000000,0.439385,1.50,0.557636,34,8,0.7647
7,13,23,8,1,0.999729,0.498357,1,0,1,0,0.429526,0.000000,0.439385,1.50,0.498357,34,8,0.7647
7,13,24,8,1,0.999881,0.539646,1,1,1,1,0.677761,0.000000,0.439385,1.50,0.539646,34,8,0.7647
7,13,25,8,0,0.837307,0.455521,1,0,0,1,0.798100,0.000000,0.439385,1.50,0.559503,34,8,0.7647
7,13,26,61,1,0.940278,0.494465,1,0,1,0,0.406174,0.000000,0.439385,1.50,0.494465,34,8,0.7647
7,13,27,61,1,0.977359,0.533978,1,1,1,1,0.643568,0.000000,0.439385,1.50,0.533978,34,8,0.7647
7,13,28,61,0,0.974490,0.553726,1,1,0,0,0.762994,0.000000,0.439385,1.50,0.553726,34,8,0.7647
7,13,29,61,1,0.932419,0.560322,1,1,1,1,0.803089,0.000000,0.439385,1.50,0.560322,34,8,0.7647
7,13,30,61,1,0.979698,0.562218,1,1,1,1,0.814639,0.000000,0.439385,1.50,0.562218,34,8,0.7647
7,13,31,61,1,0.972644,0.562736,1,1,1,1,0.817796,0.000000,0.439385,1.50,0.562736,34,8,0.7647
7,13,32,61,1,0.678032,0.453211,1,0,1,0,0.818654,0.000000,0.439385,1.50,0.562877,34,8,0.7647
7,13,33,2,1,0.793265,0.488963,1,0,1,0,0.373150,0.000000,0.439385,1.50,0.488963,34,8,0.7647
7,13,34,2,1,0.847269,0.525200,1,1,1,1,0.590714,0.000000,0.439385,1.50,0.525200,34,8,0.7647
8,15,1,10,1,0.999999,0.499529,1,0,1,0,0.436558,0.000000,0.439385,1.50,0.499529,50,12,0.7800
8,15,2,10,1,0.999998,0.540948,1,1,1,1,0.685626,0.000000,0.439385,1.50,0.540948,50,12,0.7800
8,15,3,10,1,0.999592,0.455521,1,0,1,0,0.798607,0.000000,0.439385,1.50,0.559586,50,12,0.7800
8,15,4,61,1,0.999967,0.494457,1,0,1,0,0.406126,0.000000,0.439385,1.50,0.494457,50,12,0.7800
8,15,5,61,1,0.999921,0.533918,1,1,1,1,0.643207,0.000000,0.439385,1.50,0.533918,50,12,0.7800
8,15,6,61,1,0.999902,0.452621,1,0,1,0,0.762810,0.000000,0.439385,1.50,0.553696,50,12,0.7800
8,15,7,57,1,0.996840,0.487576,1,0,1,0,0.364828,0.000000,0.439385,1.50,0.487576,50,12,0.7800
8,15,8,57,1,0.994182,0.522913,1,1,1,1,0.576961,0.000000,0.439385,1.50,0.522913,50,12,0.7800
8,15,9,57,0,0.999783,0.455978,1,0,0,1,0.684683,0.000000,0.439385,1.50,0.540792,50,12,0.7800
8,15,10,56,1,0.999978,0.495599,1,0,1,0,0.412977,0.000000,0.439385,1.50,0.495599,50,12,0.7800
8,15,11,56,0,0.999956,0.535616,1,1,0,0,0.653442,0.000000,0.439385,1.50,0.535616,50,12,0.7800
8,15,12,56,1,0.999979,0.555721,1,1,1,1,0.775106,0.000000,0.439385,1.50,0.555721,50,12,0.7800
8,15,13,56,1,0.999965,0.562420,1,1,1,1,0.815872,0.000000,0.439385,1.50,0.562420,50,12,0.7800
8,15,14,56,1,0.999954,0.564358,1,1,1,1,0.827685,0.000000,0.439385,1.50,0.564358,50,12,0.7800
8,15,15,56,0,0.051443,0.451209,0,0,1,1,0.830936,0.000000,0.439385,1.50,0.564890,50,12,0.7800
8,15,16,69,0,0.604625,0.484102,1,0,0,1,0.343965,0.000000,0.439385,1.50,0.484102,50,12,0.7800
8,15,17,69,0,0.375302,0.517490,0,1,1,0,0.544371,0.000000,0.439385,1.50,0.517490,50,12,0.7800
8,15,18,69,1,0.233119,0.534451,0,1,0,1,0.646418,0.000000,0.439385,1.50,0.534451,50,12,0.7800
8,15,19,69,1,0.975120,0.540163,1,1,1,1,0.680883,0.000000,0.439385,1.50,0.540163,50,12,0.7800
8,15,20,69,1,0.976448,0.541804,1,1,1,1,0.690796,0.000000,0.439385,1.50,0.541804,50,12,0.7800
8,15,21,69,1,0.999999,0.559586,1,1,1,1,0.693526,0.000000,0.439385,1.50,0.542256,50,12,0.7800
8,15,22,10,1,0.999977,0.565190,1,1,1,1,0.832762,0.000000,0.439385,1.50,0.565190,50,12,0.7800
8,15,23,10,1,0.999972,0.566663,1,1,1,1,0.841759,0.000000,0.439385,1.50,0.566663,50,12,0.7800
8,15,24,10,1,0.999190,0.455321,1,0,1,0,0.844050,0.000000,0.439385,1.50,0.567038,50,12,0.7800
8,15,25,75,1,0.999930,0.494026,1,0,1,0,0.403538,0.000000,0.439385,1.50,0.494026,50,12,0.7800
8,15,26,75,1,0.999952,0.533170,1,1,1,1,0.638700,0.000000,0.439385,1.50,0.533170,50,12,0.7800
8,15,27,75,1,0.999999,0.456605,1,0,1,0,0.757545,0.000000,0.439385,1.50,0.552829,50,12,0.7800
8,15,28,77,1,0.999966,0.498167,1,0,1,0,0.428386,0.000000,0.439385,1.50,0.498167,50,12,0.7800
8,15,29,77,1,0.999948,0.539485,1,1,1,1,0.676789,0.000000,0.439385,1.50,0.539485,50,12,0.7800
8,15,30,77,0,0.999530,0.456310,1,0,0,1,0.796755,0.000000,0.439385,1.50,0.559281,50,12,0.7800
8,15,31,17,1,0.999655,0.496769,1,0,1,0,0.420000,0.000000,0.439385,1.50,0.496769,50,12,0.7800
8,15,32,17,1,0.999934,0.537269,1,1,1,1,0.663413,0.000000,0.439385,1.50,0.537269,50,12,0.7800
8,15,33,17,1,0.999978,0.557364,1,1,1,1,0.785093,0.000000,0.439385,1.50,0.557364,50,12,0.7800
8,15,34,17,0,0.014943,0.448277,0,0,1,1,0.825816,0.000000,0.439385,1.50,0.564051,50,12,0.7800
8,15,35,29,0,0.000152,0.477064,0,0,1,1,0.301675,0.000000,0.439385,1.50,0.477064,50,12,0.7800
8,15,36,29,1,0.042434,0.453810,0,0,0,0,0.477571,0.000000,0.439385,1.50,0.506364,50,12,0.7800
8,15,37,65,1,0.998600,0.490309,1,0,1,0,0.381232,0.000000,0.439385,1.50,0.490309,50,12,0.7800
8,15,38,65,1,0.997661,0.527228,1,1,1,1,0.602917,0.000000,0.439385,1.50,0.527228,50,12,0.7800
8,15,39,65,1,0.181174,0.451471,0,0,0,0,0.716175,0.000000,0.439385,1.50,0.546001,50,12,0.7800
8,15,40,18,0,0.975350,0.484840,1,0,0,1,0.348399,0.000000,0.439385,1.50,0.484840,50,12,0.7800
8,15,41,18,0,0.104932,0.518618,0,1,1,0,0.551147,0.000000,0.439385,1.50,0.518618,50,12,0.7800
8,15,42,18,1,0.098125,0.535650,0,1,0,1,0.653649,0.000000,0.439385,1.50,0.535650,50,12,0.7800
8,15,43,18,1,0.903431,0.541384,1,1,1,1,0.688260,0.000000,0.439385,1.50,0.541384,50,12,0.7800
8,15,44,18,0,0.969322,0.543048,1,1,0,0,0.698314,0.000000,0.439385,1.50,0.543048,50,12,0.7800
8,15,45,18,1,0.141046,0.543506,0,1,0,1,0.701081,0.000000,0.439385,1.50,0.543506,50,12,0.7800
8,15,46,18,1,0.969143,0.543630,1,1,1,1,0.701835,0.000000,0.439385,1.50,0.543630,50,12,0.7800
8,15,47,18,1,0.977738,0.543664,1,1,1,1,0.702040,0.000000,0.439385,1.50,0.543664,50,12,0.7800
8,15,48,18,1,0.999998,0.456113,1,0,1,0,0.702095,0.000000,0.439385,1.50,0.543673,50,12,0.7800
8,15,49,53,1,0.999812,0.495993,1,0,1,0,0.415341,0.000000,0.439385,1.50,0.495993,50,12,0.7800
8,15,50,53,1,0.999843,0.536124,1,1,1,1,0.656510,0.000000,0.439385,1.50,0.536124,50,12,0.7800
9,16,1,7,1,0.999995,0.500645,1,1,1,1,0.443257,0.000000,0.439385,1.50,0.500645,47,12,0.8298
9,16,2,7,1,0.999999,0.542313,1,1,1,1,0.693874,0.000000,0.439385,1.50,0.542313,47,12,0.8298
9,16,3,7,1,0.999990,0.456034,1,0,1,0,0.806888,0.000000,0.439385,1.50,0.560946,47,12,0.8298
9,16,4,0,1,1.000000,0.496618,1,0,1,0,0.419090,0.000000,0.439385,1.50,0.496618,47,12,0.8298
9,16,5,0,1,1.000000,0.536988,1,1,1,1,0.661721,0.000000,0.439385,1.50,0.536988,47,12,0.8298
9,16,6,0,1,1.000000,0.456605,1,0,1,0,0.780207,0.000000,0.439385,1.50,0.556560,47,12,0.8298
9,16,7,77,1,0.999990,0.498494,1,0,1,0,0.430349,0.000000,0.439385,1.50,0.498494,47,12,0.8298
9,16,8,77,1,0.999969,0.539569,1,1,1,1,0.677298,0.000000,0.439385,1.50,0.539569,47,12,0.8298
9,16,9,77,1,0.999129,0.454953,1,0,1,0,0.797387,0.000000,0.439385,1.50,0.559385,47,12,0.8298
9,16,10,90,1,0.999983,0.493180,1,0,1,0,0.398464,0.000000,0.439385,1.50,0.493180,47,12,0.8298
9,16,11,90,1,0.999995,0.531823,1,1,1,1,0.630580,0.000000,0.439385,1.50,0.531823,47,12,0.8298
9,16,12,90,1,0.999996,0.455026,1,0,1,0,0.747601,0.000000,0.439385,1.50,0.551189,47,12,0.8298
9,16,13,89,1,0.999994,0.493129,1,0,1,0,0.398156,0.000000,0.439385,1.50,0.493129,47,12,0.8298
9,16,14,89,1,0.999995,0.531812,1,1,1,1,0.630514,0.000000,0.439385,1.50,0.531812,47,12,0.8298
9,16,15,89,1,0.999754,0.452426,1,0,1,0,0.748887,0.000000,0.439385,1.50,0.551401,47,12,0.8298
9,16,16,98,1,0.999565,0.486948,1,0,1,0,0.361058,0.000000,0.439385,1.50,0.486948,47,12,0.8298
9,16,17,98,1,0.999772,0.522115,1,1,1,1,0.572162,0.000000,0.439385,1.50,0.522115,47,12,0.8298
9,16,18,98,1,0.999998,0.455209,1,0,1,0,0.679152,0.000000,0.439385,1.50,0.539876,47,12,0.8298
9,16,19,70,1,0.999975,0.493493,1,0,1,0,0.400344,0.000000,0.439385,1.50,0.493493,47,12,0.8298
9,16,20,70,1,0.999810,0.532507,1,1,1,1,0.634701,0.000000,0.439385,1.50,0.532507,47,12,0.8298
9,16,21,70,1,0.999856,0.455746,1,0,1,0,0.753943,0.000000,0.439385,1.50,0.552235,47,12,0.8298
9,16,22,95,1,0.999980,0.494782,1,0,1,0,0.408076,0.000000,0.439385,1.50,0.494782,47,12,0.8298
9,16,23,95,1,0.999975,0.534553,1,1,1,1,0.647036,0.000000,0.439385,1.50,0.534553,47,12,0.8298
9,16,24,95,1,0.999936,0.455893,1,0,1,0,0.768127,0.000000,0.439385,1.50,0.554572,47,12,0.8298
9,16,25,30,0,0.999771,0.495241,1,0,0,1,0.410831,0.000000,0.439385,1.50,0.495241,47,12,0.8298
9,16,26,30,1,0.999371,0.535096,1,1,1,1,0.650306,0.000000,0.439385,1.50,0.535096,47,12,0.8298
9,16,27,30,1,0.999648,0.555235,1,1,1,1,0.772155,0.000000,0.439385,1.50,0.555235,47,12,0.8298
9,16,28,30,1,0.998087,0.562008,1,1,1,1,0.813358,0.000000,0.439385,1.50,0.562008,47,12,0.8298
9,16,29,30,1,0.999591,0.455133,1,0,1,0,0.825213,0.000000,0.439385,1.50,0.563952,47,12,0.8298
9,16,30,11,1,0.999418,0.493707,1,0,1,0,0.401628,0.000000,0.439385,1.50,0.493707,47,12,0.8298
9,16,31,11,1,0.996219,0.532398,1,1,1,1,0.634045,0.000000,0.439385,1.50,0.532398,47,12,0.8298
9,16,32,11,0,0.687956,0.455521,1,0,0,1,0.751960,0.000000,0.439385,1.50,0.551908,47,12,0.8298
9,16,33,61,0,0.998005,0.494431,1,0,0,1,0.405969,0.000000,0.439385,1.50,0.494431,47,12,0.8298
9,16,34,61,1,0.987836,0.533893,1,1,1,1,0.643056,0.000000,0.439385,1.50,0.533893,47,12,0.8298
9,16,35,61,0,0.996180,0.553684,1,1,0,0,0.762738,0.000000,0.439385,1.50,0.553684,47,12,0.8298
9,16,36,61,1,0.970468,0.560315,1,1,1,1,0.803049,0.000000,0.439385,1.50,0.560316,47,12,0.8298
9,16,37,61,1,0.995019,0.562214,1,1,1,1,0.814615,0.000000,0.439385,1.50,0.562214,47,12,0.8298
9,16,38,61,1,0.987070,0.562736,1,1,1,1,0.817794,0.000000,0.439385,1.50,0.562736,47,12,0.8298
9,16,39,61,1,0.681919,0.453211,1,0,1,0,0.818652,0.000000,0.439385,1.50,0.562876,47,12,0.8298
9,16,40,2,1,0.953156,0.489251,1,0,1,0,0.374884,0.000000,0.439385,1.50,0.489251,47,12,0.8298
9,16,41,2,0,0.962797,0.525415,1,1,0,0,0.592004,0.000000,0.439385,1.50,0.525415,47,12,0.8298
9,16,42,2,0,0.440095,0.543535,0,1,1,0,0.701257,0.000000,0.439385,1.50,0.543535,47,12,0.8298
9,16,43,2,0,0.450405,0.549586,0,1,1,0,0.737884,0.000000,0.439385,1.50,0.549586,47,12,0.8298
9,16,44,2,0,0.511925,0.551319,1,1,0,0,0.748389,0.000000,0.439385,1.50,0.551319,47,12,0.8298
9,16,45,2,1,0.112663,0.551795,0,1,0,1,0.751275,0.000000,0.439385,1.50,0.551795,47,12,0.8298
9,16,46,2,1,0.511461,0.551924,1,1,1,1,0.752058,0.000000,0.439385,1.50,0.551924,47,12,0.8298
9,16,47,2,1,0.571445,0.551959,1,1,1,1,0.752269,0.000000,0.439385,1.50,0.551959,47,12,0.8298
10,17,1,93,1,0.999808,0.488836,1,0,1,0,0.372389,0.000000,0.439385,1.50,0.488836,199,17,0.7286
10,17,2,93,1,0.999900,0.524971,1,1,1,1,0.589334,0.000000,0.439385,1.50,0.524971,199,17,0.7286
10,17,3,93,0,0.995877,0.453211,1,0,0,1,0.699806,0.000000,0.439385,1.50,0.543295,199,17,0.7286
10,17,4,2,1,0.166860,0.488952,0,0,0,0,0.373088,0.000000,0.439385,1.50,0.488952,199,17,0.7286
10,17,5,2,1,0.177326,0.525334,0,1,0,1,0.591522,0.000000,0.439385,1.50,0.525334,199,17,0.7286
10,17,6,2,1,0.919227,0.543488,1,1,1,1,0.700972,0.000000,0.439385,1.50,0.543488,199,17,0.7286
10,17,7,2,1,0.927727,0.455521,1,0,1,0,0.737777,0.000000,0.439385,1.50,0.549569,199,17,0.7286
10,17,8,61,1,0.999881,0.494691,1,0,1,0,0.407532,0.000000,0.439385,1.50,0.494691,199,17,0.7286
10,17,9,61,0,0.999959,0.533971,1,1,0,0,0.643525,0.000000,0.439385,1.50,0.533971,199,17,0.7286
10,17,10,61,0,0.999807,0.553721,1,1,0,0,0.762962,0.000000,0.439385,1.50,0.553721,199,17,0.7286
10,17,11,61,1,0.978640,0.560328,1,1,1,1,0.803125,0.000000,0.439385,1.50,0.560328,199,17,0.7286
10,17,12,61,1,0.999471,0.562219,1,1,1,1,0.814645,0.000000,0.439385,1.50,0.562219,199,17,0.7286
10,17,13,61,1,0.999847,0.562737,1,1,1,1,0.817802,0.000000,0.439385,1.50,0.562737,199,17,0.7286
10,17,14,61,1,0.999981,0.455978,1,0,1,0,0.818655,0.000000,0.439385,1.50,0.562877,199,17,0.7286
10,17,15,79,1,0.999973,0.495598,1,0,1,0,0.412975,0.000000,0.439385,1.50,0.495598,199,17,0.7286
10,17,16,79,1,0.999966,0.535657,1,1,1,1,0.653690,0.000000,0.439385,1.50,0.535657,199,17,0.7286
10,17,17,79,0,0.985227,0.456152,1,0,0,1,0.775036,0.000000,0.439385,1.50,0.555709,199,17,0.7286
10,17,18,78,1,0.999886,0.495938,1,0,1,0,0.415012,0.000000,0.439385,1.50,0.495938,199,17,0.7286
10,17,19,78,1,0.999969,0.536369,1,1,1,1,0.657984,0.000000,0.439385,1.50,0.536369,199,17,0.7286
10,17,20,78,1,0.999932,0.556500,1,1,1,1,0.779842,0.000000,0.439385,1.50,0.556500,199,17,0.7286
10,17,21,78,0,0.999991,0.455401,1,0,0,1,0.820868,0.000000,0.439385,1.50,0.563240,199,17,0.7286
10,17,22,74,1,0.992121,0.494189,1,0,1,0,0.404518,0.000000,0.439385,1.50,0.494189,199,17,0.7286
10,17,23,74,1,0.999926,0.533401,1,1,1,1,0.640089,0.000000,0.439385,1.50,0.533401,199,17,0.7286
10,17,24,74,1,0.999928,0.553176,1,1,1,1,0.759654,0.000000,0.439385,1.50,0.553176,199,17,0.7286
10,17,25,74,0,0.966801,0.453816,1,0,0,1,0.799684,0.000000,0.439385,1.50,0.559763,199,17,0.7286
10,17,26,33,0,0.401596,0.451271,0,0,1,1,0.382068,0.000000,0.439385,1.50,0.490448,199,17,0.7286
10,17,27,60,0,0.907872,0.563240,1,1,0,0,0.345718,0.000000,0.439385,1.50,0.484394,199,17,0.7286
10,17,28,78,0,0.999199,0.565184,1,1,0,0,0.832727,0.000000,0.439385,1.50,0.565184,199,17,0.7286
10,17,29,78,1,0.999085,0.565714,1,1,1,1,0.835964,0.000000,0.439385,1.50,0.565714,199,17,0.7286
10,17,30,78,1,0.999896,0.565858,1,1,1,1,0.836841,0.000000,0.439385,1.50,0.565858,199,17,0.7286
10,17,31,78,1,0.999795,0.565896,1,1,1,1,0.837077,0.000000,0.439385,1.50,0.565896,199,17,0.7286
10,17,32,78,0,0.999933,0.562877,1,1,0,0,0.837141,0.000000,0.439385,1.50,0.565907,199,17,0.7286
10,17,33,61,1,0.999079,0.562915,1,1,1,1,0.818885,0.000000,0.439385,1.50,0.562915,199,17,0.7286
10,17,34,61,1,0.980477,0.562925,1,1,1,1,0.818947,0.000000,0.439385,1.50,0.562925,199,17,0.7286
10,17,35,61,1,0.993938,0.562928,1,1,1,1,0.818964,0.000000,0.439385,1.50,0.562928,199,17,0.7286
10,17,36,61,0,0.081400,0.484394,0,0,1,1,0.818968,0.000000,0.439385,1.50,0.562928,199,17,0.7286
10,17,37,60,1,0.163040,0.517822,0,1,0,1,0.546364,0.000000,0.439385,1.50,0.517822,199,17,0.7286
10,17,38,60,1,0.948062,0.534768,1,1,1,1,0.648331,0.000000,0.439385,1.50,0.534768,199,17,0.7286
10,17,39,60,1,0.973434,0.540465,1,1,1,1,0.682705,0.000000,0.439385,1.50,0.540465,199,17,0.7286
10,17,40,60,1,0.998439,0.490448,1,0,1,0,0.692629,0.000000,0.439385,1.50,0.542107,199,17,0.7286
10,17,41,33,1,0.999048,0.527637,1,1,1,1,0.605378,0.000000,0.439385,1.50,0.527637,199,17,0.7286
10,17,42,33,0,0.996096,0.546215,1,1,0,0,0.717470,0.000000,0.439385,1.50,0.546215,199,17,0.7286
10,17,43,33,0,0.983030,0.552409,1,1,0,0,0.754998,0.000000,0.439385,1.50,0.552409,199,17,0.7286
10,17,44,33,1,0.970738,0.554182,1,1,1,1,0.765757,0.000000,0.439385,1.50,0.554182,199,17,0.7286
10,17,45,33,0,0.994888,0.554667,1,1,0,0,0.768704,0.000000,0.439385,1.50,0.554667,199,17,0.7286
10,17,46,33,1,0.988933,0.554799,1,1,1,1,0.769504,0.000000,0.439385,1.50,0.554799,199,17,0.7286
10,17,47,33,0,0.996656,0.554834,1,1,0,0,0.769720,0.000000,0.439385,1.50,0.554834,199,17,0.7286
10,17,48,33,0,0.977843,0.554844,1,1,0,0,0.769778,0.000000,0.439385,1.50,0.554844,199,17,0.7286
10,17,49,33,1,0.984634,0.554846,1,1,1,1,0.769794,0.000000,0.439385,1.50,0.554846,199,17,0.7286
10,17,50,33,1,0.994540,0.554847,1,1,1,1,0.769798,0.000000,0.439385,1.50,0.554847,199,17,0.7286
10,17,51,33,1,0.996759,0.554847,1,1,1,1,0.769799,0.000000,0.439385,1.50,0.554847,199,17,0.7286
10,17,52,33,1,0.999975,0.559763,1,1,1,1,0.769800,0.000000,0.439385,1.50,0.554847,199,17,0.7286
10,17,53,74,1,0.999920,0.561651,1,1,1,1,0.811185,0.000000,0.439385,1.50,0.561651,199,17,0.7286
10,17,54,74,1,0.999965,0.562169,1,1,1,1,0.814341,0.000000,0.439385,1.50,0.562169,199,17,0.7286
10,17,55,74,0,0.981666,0.554847,1,1,0,0,0.815194,0.000000,0.439385,1.50,0.562309,199,17,0.7286
10,17,56,33,0,0.983295,0.554847,1,1,0,0,0.769800,0.000000,0.439385,1.50,0.554847,199,17,0.7286
10,17,57,33,0,0.780353,0.554847,1,1,0,0,0.769800,0.000000,0.439385,1.50,0.554847,199,17,0.7286
10,17,58,33,1,0.924583,0.554847,1,1,1,1,0.769800,0.000000,0.439385,1.50,0.554847,199,17,0.7286
10,17,59,33,0,0.998260,0.554847,1,1,0,0,0.769800,0.000000,0.439385,1.50,0.554847,199,17,0.7286
10,17,60,33,1,0.979528,0.554847,1,1,1,1,0.769800,0.000000,0.439385,1.50,0.554847,199,17,0.7286
10,17,61,33,1,0.997795,0.554847,1,1,1,1,0.769800,0.000000,0.439385,1.50,0.554847,199,17,0.7286
10,17,62,33,1,0.993193,0.554847,1,1,1,1,0.769800,0.000000,0.439385,1.50,0.554847,199,17,0.7286
10,17,63,33,1,0.993696,0.554847,1,1,1,1,0.769800,0.000000,0.439385,1.50,0.554847,199,17,0.7286
10,17,64,33,1,0.998178,0.554847,1,1,1,1,0.769800,0.000000,0.439385,1.50,0.554847,199,17,0.7286
10,17,65,33,1,0.996057,0.554847,1,1,1,1,0.769800,0.000000,0.439385,1.50,0.554847,199,17,0.7286
10,17,66,33,0,0.998904,0.565907,1,1,0,0,0.769800,0.000000,0.439385,1.50,0.554847,199,17,0.7286
10,17,67,78,1,0.998825,0.565910,1,1,1,1,0.837158,0.000000,0.439385,1.50,0.565910,199,17,0.7286
10,17,68,78,1,0.999784,0.565910,1,1,1,1,0.837162,0.000000,0.439385,1.50,0.565910,199,17,0.7286
10,17,69,78,1,0.999864,0.565911,1,1,1,1,0.837163,0.000000,0.439385,1.50,0.565911,199,17,0.7286
10,17,70,78,1,0.999998,0.555709,1,1,1,1,0.837164,0.000000,0.439385,1.50,0.565911,199,17,0.7286
10,17,71,79,0,0.999971,0.562441,1,1,0,0,0.816000,0.000000,0.439385,1.50,0.562441,199,17,0.7286
10,17,72,79,1,0.999654,0.564368,1,1,1,1,0.827747,0.000000,0.439385,1.50,0.564368,199,17,0.7286
10,17,73,79,1,0.999984,0.564893,1,1,1,1,0.830954,0.000000,0.439385,1.50,0.564893,199,17,0.7286
10,17,74,79,1,0.999965,0.565034,1,1,1,1,0.831812,0.000000,0.439385,1.50,0.565034,199,17,0.7286
10,17,75,79,0,0.428263,0.449431,0,0,1,1,0.832045,0.000000,0.439385,1.50,0.565072,199,17,0.7286
10,17,76,5,0,0.008887,0.479910,0,0,1,1,0.318779,0.000000,0.439385,1.50,0.479910,199,17,0.7286
10,17,77,5,1,0.010156,0.510857,0,1,0,1,0.504535,0.000000,0.439385,1.50,0.510857,199,17,0.7286
10,17,78,5,0,0.913974,0.526529,1,1,0,0,0.598709,0.000000,0.439385,1.50,0.526529,199,17,0.7286
10,17,79,5,1,0.004300,0.531821,0,1,0,1,0.630568,0.000000,0.439385,1.50,0.531821,199,17,0.7286
10,17,80,5,1,0.804040,0.533341,1,1,1,1,0.639729,0.000000,0.439385,1.50,0.533341,199,17,0.7286
10,17,81,5,0,0.971556,0.533758,1,1,0,0,0.642244,0.000000,0.439385,1.50,0.533758,199,17,0.7286
10,17,82,5,0,0.024495,0.533872,0,1,1,0,0.642927,0.000000,0.439385,1.50,0.533872,199,17,0.7286
10,17,83,5,1,0.024737,0.533902,0,1,0,1,0.643111,0.000000,0.439385,1.50,0.533902,199,17,0.7286
10,17,84,5,1,0.960410,0.533910,1,1,1,1,0.643160,0.000000,0.439385,1.50,0.533910,199,17,0.7286
10,17,85,5,1,0.985625,0.533912,1,1,1,1,0.643173,0.000000,0.439385,1.50,0.533913,199,17,0.7286
10,17,86,5,1,0.999969,0.456685,1,0,1,0,0.643177,0.000000,0.439385,1.50,0.533913,199,17,0.7286
10,17,87,7,1,0.999967,0.500318,1,1,1,1,0.441296,0.000000,0.439385,1.50,0.500318,199,17,0.7286
10,17,88,7,1,0.999955,0.542169,1,1,1,1,0.693000,0.000000,0.439385,1.50,0.542169,199,17,0.7286
10,17,89,7,1,0.833276,0.533913,1,1,1,1,0.806500,0.000000,0.439385,1.50,0.560882,199,17,0.7286
10,17,90,5,1,0.984842,0.533913,1,1,1,1,0.643178,0.000000,0.439385,1.50,0.533913,199,17,0.7286
10,17,91,5,1,0.906809,0.533913,1,1,1,1,0.643178,0.000000,0.439385,1.50,0.533913,199,17,0.7286
10,17,92,5,0,0.978322,0.549569,1,1,0,0,0.643178,0.000000,0.439385,1.50,0.533913,199,17,0.7286
10,17,93,2,1,0.866187,0.551318,1,1,1,1,0.748383,0.000000,0.439385,1.50,0.551318,199,17,0.7286
10,17,94,2,1,0.979656,0.551796,1,1,1,1,0.751283,0.000000,0.439385,1.50,0.551796,199,17,0.7286
10,17,95,2,0,0.842991,0.551924,1,1,0,0,0.752059,0.000000,0.439385,1.50,0.551924,199,17,0.7286
10,17,96,2,0,0.862511,0.551959,1,1,0,0,0.752270,0.000000,0.439385,1.50,0.551959,199,17,0.7286
10,17,97,2,1,0.274070,0.551968,0,1,0,1,0.752326,0.000000,0.439385,1.50,0.551968,199,17,0.7286
10,17,98,2,0,0.954779,0.551971,1,1,0,0,0.752341,0.000000,0.439385,1.50,0.551971,199,17,0.7286
10,17,99,2,0,0.061443,0.551972,0,1,1,0,0.752345,0.000000,0.439385,1.50,0.551972,199,17,0.7286
10,17,100,2,0,0.391981,0.551972,0,1,1,0,0.752346,0.000000,0.439385,1.50,0.551972,199,17,0.7286
10,17,101,2,1,0.590530,0.551972,1,1,1,1,0.752347,0.000000,0.439385,1.50,0.551972,199,17,0.7286
10,17,102,2,1,0.908770,0.551972,1,1,1,1,0.752347,0.000000,0.439385,1.50,0.551972,199,17,0.7286
10,17,103,2,1,0.852416,0.551972,1,1,1,1,0.752347,0.000000,0.439385,1.50,0.551972,199,17,0.7286
10,17,104,2,1,0.962715,0.565911,1,1,1,1,0.752347,0.000000,0.439385,1.50,0.551972,199,17,0.7286
10,17,105,78,1,0.999785,0.565911,1,1,1,1,0.837164,0.000000,0.439385,1.50,0.565911,199,17,0.7286
10,17,106,78,1,0.999564,0.565911,1,1,1,1,0.837164,0.000000,0.439385,1.50,0.565911,199,17,0.7286
10,17,107,78,1,0.999976,0.456034,1,0,1,0,0.837164,0.000000,0.439385,1.50,0.565911,199,17,0.7286
10,17,108,0,1,0.999829,0.496446,1,0,1,0,0.418059,0.000000,0.439385,1.50,0.496446,199,17,0.7286
10,17,109,0,1,0.999843,0.536780,1,1,1,1,0.660468,0.000000,0.439385,1.50,0.536780,199,17,0.7286
10,17,110,0,0,0.986643,0.562928,1,1,0,0,0.779934,0.000000,0.439385,1.50,0.556516,199,17,0.7286
10,17,111,61,1,0.957504,0.562928,1,1,1,1,0.818969,0.000000,0.439385,1.50,0.562929,199,17,0.7286
10,17,112,61,1,0.992541,0.562929,1,1,1,1,0.818970,0.000000,0.439385,1.50,0.562929,199,17,0.7286
10,17,113,61,1,0.997035,0.562929,1,1,1,1,0.818970,0.000000,0.439385,1.50,0.562929,199,17,0.7286
10,17,114,61,0,0.261674,0.542107,0,1,1,0,0.818970,0.000000,0.439385,1.50,0.562929,199,17,0.7286
10,17,115,60,1,0.386099,0.542556,0,1,0,1,0.695340,0.000000,0.439385,1.50,0.542556,199,17,0.7286
10,17,116,60,0,0.991273,0.542677,1,1,0,0,0.696074,0.000000,0.439385,1.50,0.542677,199,17,0.7286
10,17,117,60,0,0.331945,0.542710,0,1,1,0,0.696273,0.000000,0.439385,1.50,0.542710,199,17,0.7286
10,17,118,60,0,0.863523,0.542719,1,1,0,0,0.696327,0.000000,0.439385,1.50,0.542719,199,17,0.7286
10,17,119,60,1,0.588561,0.542722,1,1,1,1,0.696341,0.000000,0.439385,1.50,0.542722,199,17,0.7286
10,17,120,60,1,0.970717,0.542722,1,1,1,1,0.696345,0.000000,0.439385,1.50,0.542722,199,17,0.7286
10,17,121,60,1,0.981615,0.542722,1,1,1,1,0.696346,0.000000,0.439385,1.50,0.542722,199,17,0.7286
10,17,122,60,1,0.993792,0.554847,1,1,1,1,0.696346,0.000000,0.439385,1.50,0.542722,199,17,0.7286
10,17,123,33,0,0.995534,0.554847,1,1,0,0,0.769800,0.000000,0.439385,1.50,0.554847,199,17,0.7286
10,17,124,33,1,0.965622,0.554847,1,1,1,1,0.769800,0.000000,0.439385,1.50,0.554847,199,17,0.7286
10,17,125,33,1,0.979304,0.554847,1,1,1,1,0.769800,0.000000,0.439385,1.50,0.554847,199,17,0.7286
10,17,126,33,0,0.990887,0.554847,1,1,0,0,0.769800,0.000000,0.439385,1.50,0.554847,199,17,0.7286
10,17,127,33,1,0.611961,0.554847,1,1,1,1,0.769800,0.000000,0.439385,1.50,0.554847,199,17,0.7286
10,17,128,33,1,0.935156,0.554847,1,1,1,1,0.769800,0.000000,0.439385,1.50,0.554847,199,17,0.7286
10,17,129,33,1,0.994094,0.554847,1,1,1,1,0.769800,0.000000,0.439385,1.50,0.554847,199,17,0.7286
10,17,130,33,0,0.999680,0.562929,1,1,0,0,0.769800,0.000000,0.439385,1.50,0.554847,199,17,0.7286
10,17,131,61,1,0.931813,0.562929,1,1,1,1,0.818970,0.000000,0.439385,1.50,0.562929,199,17,0.7286
10,17,132,61,1,0.993731,0.562929,1,1,1,1,0.818970,0.000000,0.439385,1.50,0.562929,199,17,0.7286
10,17,133,61,1,0.996666,0.562929,1,1,1,1,0.818970,0.000000,0.439385,1.50,0.562929,199,17,0.7286
10,17,134,61,1,0.994733,0.543295,1,1,1,1,0.818970,0.000000,0.439385,1.50,0.562929,199,17,0.7286
10,17,135,93,1,0.999902,0.549449,1,1,1,1,0.737051,0.000000,0.439385,1.50,0.549449,199,17,0.7286
10,17,136,93,1,0.997294,0.551235,1,1,1,1,0.747878,0.000000,0.439385,1.50,0.551235,199,17,0.7286
10,17,137,93,1,0.990430,0.551972,1,1,1,1,0.750835,0.000000,0.439385,1.50,0.551723,199,17,0.7286
10,17,138,2,1,0.723417,0.551972,1,1,1,1,0.752347,0.000000,0.439385,1.50,0.551972,199,17,0.7286
10,17,139,2,1,0.895637,0.551972,1,1,1,1,0.752347,0.000000,0.439385,1.50,0.551972,199,17,0.7286
10,17,140,2,1,0.999593,0.565072,1,1,1,1,0.752347,0.000000,0.439385,1.50,0.551972,199,17,0.7286
10,17,141,79,1,0.999934,0.565082,1,1,1,1,0.832107,0.000000,0.439385,1.50,0.565082,199,17,0.7286
10,17,142,79,1,0.999391,0.565085,1,1,1,1,0.832124,0.000000,0.439385,1.50,0.565085,199,17,0.7286
10,17,143,79,1,0.225034,0.542722,0,1,0,1,0.832129,0.000000,0.439385,1.50,0.565086,199,17,0.7286
10,17,144,60,0,0.992491,0.542722,1,1,0,0,0.696346,0.000000,0.439385,1.50,0.542722,199,17,0.7286
10,17,145,60,0,0.842879,0.542722,1,1,0,0,0.696346,0.000000,0.439385,1.50,0.542722,199,17,0.7286
10,17,146,60,0,0.917888,0.542722,1,1,0,0,0.696346,0.000000,0.439385,1.50,0.542722,199,17,0.7286
10,17,147,60,1,0.958403,0.542722,1,1,1,1,0.696346,0.000000,0.439385,1.50,0.542722,199,17,0.7286
10,17,148,60,1,0.994147,0.542722,1,1,1,1,0.696346,0.000000,0.439385,1.50,0.542722,199,17,0.7286
10,17,149,60,1,0.969705,0.542722,1,1,1,1,0.696346,0.000000,0.439385,1.50,0.542722,199,17,0.7286
10,17,150,60,1,0.988073,0.533913,1,1,1,1,0.696346,0.000000,0.439385,1.50,0.542722,199,17,0.7286
10,17,151,5,1,0.996403,0.533913,1,1,1,1,0.643178,0.000000,0.439385,1.50,0.533913,199,17,0.7286
10,17,152,5,1,0.999933,0.454409,1,0,1,0,0.643178,0.000000,0.439385,1.50,0.533913,199,17,0.7286
10,17,153,37,1,0.998180,0.492538,1,0,1,0,0.394609,0.000000,0.439385,1.50,0.492538,199,17,0.7286
10,17,154,37,1,0.998674,0.530757,1,1,1,1,0.624158,0.000000,0.439385,1.50,0.530757,199,17,0.7286
10,17,155,37,1,0.937337,0.533913,1,1,1,1,0.736231,0.000000,0.439385,1.50,0.549313,199,17,0.7286
10,17,156,5,1,0.999754,0.455321,1,0,1,0,0.643178,0.000000,0.439385,1.50,0.533913,199,17,0.7286
10,17,157,75,1,0.999884,0.494001,1,0,1,0,0.403387,0.000000,0.439385,1.50,0.494001,199,17,0.7286
10,17,158,75,1,0.999923,0.533155,1,1,1,1,0.638610,0.000000,0.439385,1.50,0.533155,199,17,0.7286
10,17,159,75,1,0.937175,0.542722,1,1,1,1,0.757367,0.000000,0.439385,1.50,0.552799,199,17,0.7286
10,17,160,60,1,0.987703,0.542722,1,1,1,1,0.696346,0.000000,0.439385,1.50,0.542722,199,17,0.7286
10,17,161,60,1,0.996114,0.542722,1,1,1,1,0.696346,0.000000,0.439385,1.50,0.542722,199,17,0.7286
10,17,162,60,1,0.999810,0.562929,1,1,1,1,0.696346,0.000000,0.439385,1.50,0.542722,199,17,0.7286
10,17,163,61,1,0.999395,0.562929,1,1,1,1,0.818970,0.000000,0.439385,1.50,0.562929,199,17,0.7286
10,17,164,61,1,0.992050,0.562929,1,1,1,1,0.818970,0.000000,0.439385,1.50,0.562929,199,17,0.7286
10,17,165,61,1,0.964621,0.554847,1,1,1,1,0.818970,0.000000,0.439385,1.50,0.562929,199,17,0.7286
10,17,166,33,1,0.996812,0.554847,1,1,1,1,0.769800,0.000000,0.439385,1.50,0.554847,199,17,0.7286
10,17,167,33,1,0.997417,0.554847,1,1,1,1,0.769800,0.000000,0.439385,1.50,0.554847,199,17,0.7286
10,17,168,33,1,0.993943,0.551972,1,1,1,1,0.769800,0.000000,0.439385,1.50,0.554847,199,17,0.7286
10,17,169,2,0,0.968578,0.551972,1,1,0,0,0.752347,0.000000,0.439385,1.50,0.551972,199,17,0.7286
10,17,170,2,1,0.869696,0.551972,1,1,1,1,0.752347,0.000000,0.439385,1.50,0.551972,199,17,0.7286
10,17,171,2,0,0.996134,0.551972,1,1,0,0,0.752347,0.000000,0.439385,1.50,0.551972,199,17,0.7286
10,17,172,2,1,0.700273,0.551972,1,1,1,1,0.752347,0.000000,0.439385,1.50,0.551972,199,17,0.7286
10,17,173,2,1,0.925615,0.551972,1,1,1,1,0.752347,0.000000,0.439385,1.50,0.551972,199,17,0.7286
10,17,174,2,1,0.986946,0.551972,1,1,1,1,0.752347,0.000000,0.439385,1.50,0.551972,199,17,0.7286
10,17,175,2,0,0.256374,0.542722,0,1,1,0,0.752347,0.000000,0.439385,1.50,0.551972,199,17,0.7286
10,17,176,60,0,0.990862,0.542722,1,1,0,0,0.696346,0.000000,0.439385,1.50,0.542722,199,17,0.7286
10,17,177,60,1,0.615403,0.542722,1,1,1,1,0.696346,0.000000,0.439385,1.50,0.542722,199,17,0.7286
10,17,178,60,1,0.994326,0.542722,1,1,1,1,0.696346,0.000000,0.439385,1.50,0.542722,199,17,0.7286
10,17,179,60,1,0.996891,0.542722,1,1,1,1,0.696346,0.000000,0.439385,1.50,0.542722,199,17,0.7286
10,17,180,60,1,0.999549,0.452621,1,0,1,0,0.696346,0.000000,0.439385,1.50,0.542722,199,17,0.7286
10,17,181,57,1,0.997336,0.487360,1,0,1,0,0.363528,0.000000,0.439385,1.50,0.487360,199,17,0.7286
10,17,182,57,1,0.995880,0.522801,1,1,1,1,0.576288,0.000000,0.439385,1.50,0.522801,199,17,0.7286
10,17,183,57,0,0.999072,0.455893,1,0,0,1,0.684119,0.000000,0.439385,1.50,0.540699,199,17,0.7286
10,17,184,30,1,0.997645,0.495315,1,0,1,0,0.411277,0.000000,0.439385,1.50,0.495315,199,17,0.7286
10,17,185,30,0,0.999610,0.535197,1,1,0,0,0.650917,0.000000,0.439385,1.50,0.535197,199,17,0.7286
10,17,186,30,1,0.999780,0.555304,1,1,1,1,0.772570,0.000000,0.439385,1.50,0.555304,199,17,0.7286
10,17,187,30,1,0.998070,0.562020,1,1,1,1,0.813433,0.000000,0.439385,1.50,0.562020,199,17,0.7286
10,17,188,30,1,0.998727,0.563955,1,1,1,1,0.825227,0.000000,0.439385,1.50,0.563955,199,17,0.7286
10,17,189,30,0,0.997597,0.455978,1,0,0,1,0.828482,0.000000,0.439385,1.50,0.564488,199,17,0.7286
10,17,190,56,1,0.999789,0.495353,1,0,1,0,0.411501,0.000000,0.439385,1.50,0.495353,199,17,0.7286
10,17,191,56,1,0.989604,0.535524,1,1,1,1,0.652887,0.000000,0.439385,1.50,0.535524,199,17,0.7286
10,17,192,56,0,0.999864,0.555675,1,1,0,0,0.774828,0.000000,0.439385,1.50,0.555675,199,17,0.7286
10,17,193,56,0,0.999901,0.562430,1,1,0,0,0.815931,0.000000,0.439385,1.50,0.562430,199,17,0.7286
10,17,194,56,1,0.978684,0.454032,1,0,1,0,0.827726,0.000000,0.439385,1.50,0.564364,199,17,0.7286
10,17,195,28,1,0.988389,0.490819,1,0,1,0,0.384294,0.000000,0.439385,1.50,0.490819,199,17,0.7286
10,17,196,28,0,0.993741,0.528207,1,1,0,0,0.608809,0.000000,0.439385,1.50,0.528207,199,17,0.7286
10,17,197,28,1,0.477501,0.547018,0,1,0,1,0.722330,0.000000,0.439385,1.50,0.547018,199,17,0.7286
10,17,198,28,1,0.996274,0.553345,1,1,1,1,0.760676,0.000000,0.439385,1.50,0.553345,199,17,0.7286
10,17,199,28,1,0.998665,0.555177,1,1,1,1,0.771803,0.000000,0.439385,1.50,0.555177,199,17,0.7286
