student_id,skill_id,idkt_im,bkt_im
743,0,0.4885481297969818,0.0865730494260788
743,2,0.4987306594848633,0.4455474615097046
743,1,0.5349496006965637,0.10744237899780273
743,3,0.4902646839618683,0.7426278591156006
743,4,0.5100775957107544,0.6352908611297607
743,5,0.4799562394618988,0.3134657144546509
743,6,0.5127258896827698,0.9404323101043701
743,6,0.5127258896827698,0.9404323101043701
743,0,0.4885481297969818,0.0865730494260788
743,2,0.4987306594848633,0.4455474615097046
743,1,0.5349496006965637,0.10744237899780273
743,4,0.5100775957107544,0.6352908611297607
743,3,0.4902646839618683,0.7426278591156006
743,5,0.4799562394618988,0.3134657144546509
743,6,0.5127258896827698,0.9404323101043701
743,6,0.5127258896827698,0.9404323101043701
743,0,0.4885481297969818,0.0865730494260788
743,2,0.4987306594848633,0.4455474615097046
743,1,0.5349496006965637,0.10744237899780273
743,3,0.4902646839618683,0.7426278591156006
743,4,0.5100775957107544,0.6352908611297607
743,5,0.4799562394618988,0.3134657144546509
743,6,0.5127258896827698,0.9404323101043701
743,6,0.5127258896827698,0.9404323101043701
743,0,0.4885481297969818,0.0865730494260788
743,2,0.4987306594848633,0.4455474615097046
743,1,0.5349496006965637,0.10744237899780273
743,3,0.4902646839618683,0.7426278591156006
743,4,0.5100775957107544,0.6352908611297607
743,5,0.4799562394618988,0.3134657144546509
743,6,0.5127258896827698,0.9404323101043701
743,6,0.5127258896827698,0.9404323101043701
743,0,0.4885481297969818,0.0865730494260788
743,2,0.4987306594848633,0.4455474615097046
743,1,0.5349496006965637,0.10744237899780273
743,3,0.4902646839618683,0.7426278591156006
743,4,0.5100775957107544,0.6352908611297607
743,5,0.4799562394618988,0.3134657144546509
743,6,0.5127258896827698,0.9404323101043701
743,6,0.5127258896827698,0.9404323101043701
743,0,0.4885481297969818,0.0865730494260788
743,2,0.4987306594848633,0.4455474615097046
743,1,0.5349496006965637,0.10744237899780273
743,3,0.4902646839618683,0.7426278591156006
743,4,0.5100775957107544,0.6352908611297607
743,5,0.4799562394618988,0.3134657144546509
743,6,0.5127258896827698,0.9404323101043701
743,6,0.5127258896827698,0.9404323101043701
743,0,0.4885481297969818,0.0865730494260788
743,2,0.4987306594848633,0.4455474615097046
743,1,0.5349496006965637,0.10744237899780273
743,3,0.4902646839618683,0.7426278591156006
743,4,0.5100775957107544,0.6352908611297607
743,5,0.4799562394618988,0.3134657144546509
743,6,0.5127258896827698,0.9404323101043701
743,6,0.5127258896827698,0.9404323101043701
743,7,0.5216563940048218,0.37016135454177856
743,8,0.47850751876831055,0.3491012752056122
743,9,0.5003713369369507,0.7043098211288452
743,12,0.4728912115097046,0.999262273311615
743,10,0.47415071725845337,0.6246944665908813
743,11,0.48849448561668396,0.6153284907341003
743,13,0.5470482707023621,0.16971169412136078
743,6,0.5127258896827698,0.9404323101043701
743,14,0.48613864183425903,0.6417677998542786
743,7,0.5216563940048218,0.37016135454177856
743,8,0.47850751876831055,0.3491012752056122
743,9,0.5003713369369507,0.7043098211288452
743,12,0.4728912115097046,0.999262273311615
743,10,0.47415071725845337,0.6246944665908813
743,11,0.48849448561668396,0.6153284907341003
743,13,0.5470482707023621,0.16971169412136078
743,6,0.5127258896827698,0.9404323101043701
743,14,0.48613864183425903,0.6417677998542786
743,7,0.5216563940048218,0.37016135454177856
743,9,0.5003713369369507,0.7043098211288452
743,8,0.47850751876831055,0.3491012752056122
743,12,0.4728912115097046,0.999262273311615
743,10,0.47415071725845337,0.6246944665908813
743,11,0.48849448561668396,0.6153284907341003
743,13,0.5470482707023621,0.16971169412136078
743,6,0.5127258896827698,0.9404323101043701
743,14,0.48613864183425903,0.6417677998542786
743,7,0.5216563940048218,0.37016135454177856
743,8,0.47850751876831055,0.3491012752056122
743,9,0.5003713369369507,0.7043098211288452
743,12,0.4728912115097046,0.999262273311615
743,10,0.47415071725845337,0.6246944665908813
743,11,0.48849448561668396,0.6153284907341003
743,13,0.5470482707023621,0.16971169412136078
743,6,0.5127258896827698,0.9404323101043701
743,14,0.48613864183425903,0.6417677998542786
743,7,0.5216563940048218,0.37016135454177856
743,8,0.47850751876831055,0.3491012752056122
743,9,0.5003713369369507,0.7043098211288452
743,12,0.4728912115097046,0.999262273311615
743,10,0.47415071725845337,0.6246944665908813
743,11,0.48849448561668396,0.6153284907341003
743,13,0.5470482707023621,0.16971169412136078
743,6,0.5127258896827698,0.9404323101043701
743,14,0.48613864183425903,0.6417677998542786
743,15,0.5094512701034546,0.577567458152771
743,8,0.47850751876831055,0.3491012752056122
743,9,0.5003713369369507,0.7043098211288452
743,16,0.4915045201778412,4.427850162805162e-14
743,18,0.4891190528869629,0.7498273253440857
743,17,0.49235838651657104,0.4645048975944519
743,19,0.48570168018341064,0.39593109488487244
743,6,0.5127258896827698,0.9404323101043701
743,6,0.5127258896827698,0.9404323101043701
743,15,0.5094512701034546,0.577567458152771
743,8,0.47850751876831055,0.3491012752056122
743,9,0.5003713369369507,0.7043098211288452
743,18,0.4891190528869629,0.7498273253440857
743,16,0.4915045201778412,4.427850162805162e-14
743,17,0.49235838651657104,0.4645048975944519
743,19,0.48570168018341064,0.39593109488487244
743,6,0.5127258896827698,0.9404323101043701
743,6,0.5127258896827698,0.9404323101043701
743,15,0.5094512701034546,0.577567458152771
743,9,0.5003713369369507,0.7043098211288452
743,8,0.47850751876831055,0.3491012752056122
743,17,0.49235838651657104,0.4645048975944519
743,18,0.4891190528869629,0.7498273253440857
743,16,0.4915045201778412,4.427850162805162e-14
743,19,0.48570168018341064,0.39593109488487244
743,6,0.5127258896827698,0.9404323101043701
743,6,0.5127258896827698,0.9404323101043701
743,15,0.5094512701034546,0.577567458152771
743,9,0.5003713369369507,0.7043098211288452
743,8,0.47850751876831055,0.3491012752056122
743,17,0.49235838651657104,0.4645048975944519
743,16,0.4915045201778412,4.427850162805162e-14
743,18,0.4891190528869629,0.7498273253440857
743,19,0.48570168018341064,0.39593109488487244
743,6,0.5127258896827698,0.9404323101043701
743,6,0.5127258896827698,0.9404323101043701
743,15,0.5094512701034546,0.577567458152771
743,9,0.5003713369369507,0.7043098211288452
743,8,0.47850751876831055,0.3491012752056122
743,16,0.4915045201778412,4.427850162805162e-14
743,17,0.49235838651657104,0.4645048975944519
743,18,0.4891190528869629,0.7498273253440857
743,19,0.48570168018341064,0.39593109488487244
743,6,0.5127258896827698,0.9404323101043701
743,6,0.5127258896827698,0.9404323101043701
743,15,0.5094512701034546,0.577567458152771
743,0,0.4885481297969818,0.0865730494260788
743,0,0.4885481297969818,0.0865730494260788
743,0,0.4885481297969818,0.0865730494260788
743,0,0.4885481297969818,0.0865730494260788
743,0,0.4885481297969818,0.0865730494260788
743,0,0.4885481297969818,0.0865730494260788
743,0,0.4885481297969818,0.0865730494260788
743,0,0.4885481297969818,0.0865730494260788
743,0,0.4885481297969818,0.0865730494260788
743,0,0.4885481297969818,0.0865730494260788
743,0,0.4885481297969818,0.0865730494260788
743,0,0.4885481297969818,0.0865730494260788
743,0,0.4885481297969818,0.0865730494260788
743,0,0.4885481297969818,0.0865730494260788
743,0,0.4885481297969818,0.0865730494260788
743,0,0.4885481297969818,0.0865730494260788
743,0,0.4885481297969818,0.0865730494260788
743,0,0.4885481297969818,0.0865730494260788
743,0,0.4885481297969818,0.0865730494260788
743,0,0.4885481297969818,0.0865730494260788
743,0,0.4885481297969818,0.0865730494260788
743,0,0.4885481297969818,0.0865730494260788
743,0,0.4885481297969818,0.0865730494260788
743,0,0.4885481297969818,0.0865730494260788
743,0,0.4885481297969818,0.0865730494260788
743,0,0.4885481297969818,0.0865730494260788
743,0,0.4885481297969818,0.0865730494260788
743,0,0.4885481297969818,0.0865730494260788
743,0,0.4885481297969818,0.0865730494260788
743,0,0.4885481297969818,0.0865730494260788
743,0,0.4885481297969818,0.0865730494260788
743,0,0.4885481297969818,0.0865730494260788
743,0,0.4885481297969818,0.0865730494260788
743,0,0.4885481297969818,0.0865730494260788
743,0,0.4885481297969818,0.0865730494260788
743,0,0.4885481297969818,0.0865730494260788
743,0,0.4885481297969818,0.0865730494260788
743,0,0.4885481297969818,0.0865730494260788
743,0,0.4885481297969818,0.0865730494260788
743,0,0.4885481297969818,0.0865730494260788
743,0,0.4885481297969818,0.0865730494260788
743,0,0.4885481297969818,0.0865730494260788
743,0,0.4885481297969818,0.0865730494260788
743,0,0.4885481297969818,0.0865730494260788
743,0,0.4885481297969818,0.0865730494260788
743,0,0.4885481297969818,0.0865730494260788
743,0,0.4885481297969818,0.0865730494260788
743,0,0.4885481297969818,0.0865730494260788
743,0,0.4885481297969818,0.0865730494260788
743,0,0.4885481297969818,0.0865730494260788
743,0,0.4885481297969818,0.0865730494260788
743,0,0.4885481297969818,0.0865730494260788
743,0,0.4885481297969818,0.0865730494260788
83,0,0.4890071153640747,0.0865730494260788
83,2,0.4991905093193054,0.4455474615097046
83,1,0.535405695438385,0.10744237899780273
83,3,0.49072396755218506,0.7426278591156006
83,4,0.5105372667312622,0.6352908611297607
83,5,0.4804149568080902,0.3134657144546509
83,6,0.5131856203079224,0.9404323101043701
83,6,0.5131856203079224,0.9404323101043701
83,0,0.4890071153640747,0.0865730494260788
83,1,0.535405695438385,0.10744237899780273
83,2,0.4991905093193054,0.4455474615097046
83,3,0.49072396755218506,0.7426278591156006
83,4,0.5105372667312622,0.6352908611297607
83,5,0.4804149568080902,0.3134657144546509
83,6,0.5131856203079224,0.9404323101043701
83,6,0.5131856203079224,0.9404323101043701
83,0,0.4890071153640747,0.0865730494260788
83,1,0.535405695438385,0.10744237899780273
83,2,0.4991905093193054,0.4455474615097046
83,4,0.5105372667312622,0.6352908611297607
83,3,0.49072396755218506,0.7426278591156006
83,5,0.4804149568080902,0.3134657144546509
83,6,0.5131856203079224,0.9404323101043701
83,6,0.5131856203079224,0.9404323101043701
83,0,0.4890071153640747,0.0865730494260788
83,1,0.535405695438385,0.10744237899780273
83,2,0.4991905093193054,0.4455474615097046
83,3,0.49072396755218506,0.7426278591156006
83,4,0.5105372667312622,0.6352908611297607
83,5,0.4804149568080902,0.3134657144546509
83,6,0.5131856203079224,0.9404323101043701
83,6,0.5131856203079224,0.9404323101043701
83,0,0.4890071153640747,0.0865730494260788
83,1,0.535405695438385,0.10744237899780273
83,2,0.4991905093193054,0.4455474615097046
83,3,0.49072396755218506,0.7426278591156006
83,4,0.5105372667312622,0.6352908611297607
83,5,0.4804149568080902,0.3134657144546509
83,6,0.5131856203079224,0.9404323101043701
83,6,0.5131856203079224,0.9404323101043701
83,0,0.4890071153640747,0.0865730494260788
83,2,0.4991905093193054,0.4455474615097046
83,1,0.535405695438385,0.10744237899780273
83,3,0.49072396755218506,0.7426278591156006
83,4,0.5105372667312622,0.6352908611297607
83,5,0.4804149568080902,0.3134657144546509
83,6,0.5131856203079224,0.9404323101043701
83,6,0.5131856203079224,0.9404323101043701
83,0,0.4890071153640747,0.0865730494260788
83,1,0.535405695438385,0.10744237899780273
83,2,0.4991905093193054,0.4455474615097046
83,3,0.49072396755218506,0.7426278591156006
83,4,0.5105372667312622,0.6352908611297607
83,5,0.4804149568080902,0.3134657144546509
83,6,0.5131856203079224,0.9404323101043701
83,6,0.5131856203079224,0.9404323101043701
83,0,0.4890071153640747,0.0865730494260788
83,1,0.535405695438385,0.10744237899780273
83,2,0.4991905093193054,0.4455474615097046
83,3,0.49072396755218506,0.7426278591156006
83,4,0.5105372667312622,0.6352908611297607
83,5,0.4804149568080902,0.3134657144546509
83,6,0.5131856203079224,0.9404323101043701
83,6,0.5131856203079224,0.9404323101043701
83,7,0.5221158862113953,0.37016135454177856
83,9,0.500830888748169,0.7043098211288452
83,8,0.4789656400680542,0.3491012752056122
83,10,0.47460976243019104,0.6246944665908813
83,12,0.4733506739139557,0.999262273311615
83,11,0.48895353078842163,0.6153284907341003
83,13,0.5475037097930908,0.16971169412136078
83,6,0.5131856203079224,0.9404323101043701
83,14,0.4865979552268982,0.6417677998542786
83,7,0.5221158862113953,0.37016135454177856
83,9,0.500830888748169,0.7043098211288452
83,8,0.4789656400680542,0.3491012752056122
83,10,0.47460976243019104,0.6246944665908813
83,12,0.4733506739139557,0.999262273311615
83,11,0.48895353078842163,0.6153284907341003
83,13,0.5475037097930908,0.16971169412136078
83,6,0.5131856203079224,0.9404323101043701
83,14,0.4865979552268982,0.6417677998542786
83,7,0.5221158862113953,0.37016135454177856
83,9,0.500830888748169,0.7043098211288452
83,8,0.4789656400680542,0.3491012752056122
83,10,0.47460976243019104,0.6246944665908813
83,12,0.4733506739139557,0.999262273311615
83,11,0.48895353078842163,0.6153284907341003
83,13,0.5475037097930908,0.16971169412136078
83,6,0.5131856203079224,0.9404323101043701
83,14,0.4865979552268982,0.6417677998542786
83,7,0.5221158862113953,0.37016135454177856
83,8,0.4789656400680542,0.3491012752056122
83,9,0.500830888748169,0.7043098211288452
83,11,0.48895353078842163,0.6153284907341003
83,13,0.5475037097930908,0.16971169412136078
83,12,0.4733506739139557,0.999262273311615
83,10,0.47460976243019104,0.6246944665908813
83,6,0.5131856203079224,0.9404323101043701
83,14,0.4865979552268982,0.6417677998542786
83,7,0.5221158862113953,0.37016135454177856
83,9,0.500830888748169,0.7043098211288452
83,8,0.4789656400680542,0.3491012752056122
83,10,0.47460976243019104,0.6246944665908813
83,11,0.48895353078842163,0.6153284907341003
83,12,0.4733506739139557,0.999262273311615
83,13,0.5475037097930908,0.16971169412136078
83,6,0.5131856203079224,0.9404323101043701
83,14,0.4865979552268982,0.6417677998542786
83,7,0.5221158862113953,0.37016135454177856
83,8,0.4789656400680542,0.3491012752056122
83,9,0.500830888748169,0.7043098211288452
83,10,0.47460976243019104,0.6246944665908813
83,12,0.4733506739139557,0.999262273311615
83,11,0.48895353078842163,0.6153284907341003
83,13,0.5475037097930908,0.16971169412136078
83,6,0.5131856203079224,0.9404323101043701
83,14,0.4865979552268982,0.6417677998542786
83,7,0.5221158862113953,0.37016135454177856
83,8,0.4789656400680542,0.3491012752056122
83,9,0.500830888748169,0.7043098211288452
83,12,0.4733506739139557,0.999262273311615
83,10,0.47460976243019104,0.6246944665908813
83,11,0.48895353078842163,0.6153284907341003
83,13,0.5475037097930908,0.16971169412136078
83,6,0.5131856203079224,0.9404323101043701
83,14,0.4865979552268982,0.6417677998542786
83,7,0.5221158862113953,0.37016135454177856
83,9,0.500830888748169,0.7043098211288452
83,8,0.4789656400680542,0.3491012752056122
83,10,0.47460976243019104,0.6246944665908813
83,11,0.48895353078842163,0.6153284907341003
83,12,0.4733506739139557,0.999262273311615
83,13,0.5475037097930908,0.16971169412136078
83,6,0.5131856203079224,0.9404323101043701
83,14,0.4865979552268982,0.6417677998542786
83,7,0.5221158862113953,0.37016135454177856
83,9,0.500830888748169,0.7043098211288452
83,8,0.4789656400680542,0.3491012752056122
83,10,0.47460976243019104,0.6246944665908813
83,11,0.48895353078842163,0.6153284907341003
83,12,0.4733506739139557,0.999262273311615
83,13,0.5475037097930908,0.16971169412136078
83,6,0.5131856203079224,0.9404323101043701
83,14,0.4865979552268982,0.6417677998542786
83,7,0.5221158862113953,0.37016135454177856
83,9,0.500830888748169,0.7043098211288452
83,8,0.4789656400680542,0.3491012752056122
83,10,0.47460976243019104,0.6246944665908813
83,12,0.4733506739139557,0.999262273311615
83,11,0.48895353078842163,0.6153284907341003
83,13,0.5475037097930908,0.16971169412136078
83,6,0.5131856203079224,0.9404323101043701
83,14,0.4865979552268982,0.6417677998542786
83,7,0.5221158862113953,0.37016135454177856
83,8,0.4789656400680542,0.3491012752056122
83,9,0.500830888748169,0.7043098211288452
83,12,0.4733506739139557,0.999262273311615
83,10,0.47460976243019104,0.6246944665908813
83,11,0.48895353078842163,0.6153284907341003
83,13,0.5475037097930908,0.16971169412136078
83,6,0.5131856203079224,0.9404323101043701
83,14,0.4865979552268982,0.6417677998542786
83,15,0.5099102258682251,0.577567458152771
83,0,0.4890071153640747,0.0865730494260788
83,0,0.4890071153640747,0.0865730494260788
83,0,0.4890071153640747,0.0865730494260788
83,0,0.4890071153640747,0.0865730494260788
83,0,0.4890071153640747,0.0865730494260788
83,0,0.4890071153640747,0.0865730494260788
83,0,0.4890071153640747,0.0865730494260788
83,0,0.4890071153640747,0.0865730494260788
83,0,0.4890071153640747,0.0865730494260788
83,0,0.4890071153640747,0.0865730494260788
83,0,0.4890071153640747,0.0865730494260788
83,0,0.4890071153640747,0.0865730494260788
83,0,0.4890071153640747,0.0865730494260788
83,0,0.4890071153640747,0.0865730494260788
83,0,0.4890071153640747,0.0865730494260788
83,0,0.4890071153640747,0.0865730494260788
83,0,0.4890071153640747,0.0865730494260788
83,0,0.4890071153640747,0.0865730494260788
83,0,0.4890071153640747,0.0865730494260788
83,0,0.4890071153640747,0.0865730494260788
83,0,0.4890071153640747,0.0865730494260788
83,0,0.4890071153640747,0.0865730494260788
83,0,0.4890071153640747,0.0865730494260788
83,0,0.4890071153640747,0.0865730494260788
83,0,0.4890071153640747,0.0865730494260788
83,0,0.4890071153640747,0.0865730494260788
83,0,0.4890071153640747,0.0865730494260788
83,0,0.4890071153640747,0.0865730494260788
83,0,0.4890071153640747,0.0865730494260788
83,0,0.4890071153640747,0.0865730494260788
83,0,0.4890071153640747,0.0865730494260788
83,0,0.4890071153640747,0.0865730494260788
83,0,0.4890071153640747,0.0865730494260788
83,0,0.4890071153640747,0.0865730494260788
83,0,0.4890071153640747,0.0865730494260788
83,0,0.4890071153640747,0.0865730494260788
856,7,0.5206084251403809,0.37016135454177856
856,8,0.4774630665779114,0.3491012752056122
856,9,0.4993233382701874,0.7043098211288452
856,10,0.4731042683124542,0.6246944665908813
856,11,0.48744797706604004,0.6153284907341003
856,12,0.4718438386917114,0.999262273311615
856,13,0.5460095405578613,0.16971169412136078
856,6,0.5116775631904602,0.9404323101043701
856,14,0.48509150743484497,0.6417677998542786
856,7,0.5206084251403809,0.37016135454177856
856,8,0.4774630665779114,0.3491012752056122
856,9,0.4993233382701874,0.7043098211288452
856,10,0.4731042683124542,0.6246944665908813
856,11,0.48744797706604004,0.6153284907341003
856,12,0.4718438386917114,0.999262273311615
856,13,0.5460095405578613,0.16971169412136078
856,6,0.5116775631904602,0.9404323101043701
856,14,0.48509150743484497,0.6417677998542786
856,15,0.5084047317504883,0.577567458152771
856,8,0.4774630665779114,0.3491012752056122
856,9,0.4993233382701874,0.7043098211288452
856,16,0.4904598891735077,4.427850162805162e-14
856,17,0.4913100302219391,0.4645048975944519
856,18,0.48807111382484436,0.7498273253440857
856,19,0.4846540093421936,0.39593109488487244
856,6,0.5116775631904602,0.9404323101043701
856,6,0.5116775631904602,0.9404323101043701
856,15,0.5084047317504883,0.577567458152771
856,8,0.4774630665779114,0.3491012752056122
856,9,0.4993233382701874,0.7043098211288452
856,16,0.4904598891735077,4.427850162805162e-14
856,17,0.4913100302219391,0.4645048975944519
856,18,0.48807111382484436,0.7498273253440857
856,19,0.4846540093421936,0.39593109488487244
856,6,0.5116775631904602,0.9404323101043701
856,6,0.5116775631904602,0.9404323101043701
856,15,0.5084047317504883,0.577567458152771
856,8,0.4774630665779114,0.3491012752056122
856,9,0.4993233382701874,0.7043098211288452
856,16,0.4904598891735077,4.427850162805162e-14
856,17,0.4913100302219391,0.4645048975944519
856,18,0.48807111382484436,0.7498273253440857
856,19,0.4846540093421936,0.39593109488487244
856,6,0.5116775631904602,0.9404323101043701
856,6,0.5116775631904602,0.9404323101043701
856,15,0.5084047317504883,0.577567458152771
856,9,0.4993233382701874,0.7043098211288452
856,8,0.4774630665779114,0.3491012752056122
856,17,0.4913100302219391,0.4645048975944519
856,18,0.48807111382484436,0.7498273253440857
856,20,0.4913267195224762,0.31008180975914
856,21,0.47709017992019653,0.8500030040740967
856,21,0.47709017992019653,0.8500030040740967
856,21,0.47709017992019653,0.8500030040740967
856,21,0.47709017992019653,0.8500030040740967
856,21,0.47709017992019653,0.8500030040740967
856,22,0.4860503673553467,0.6901274919509888
856,22,0.4860503673553467,0.6901274919509888
856,22,0.4860503673553467,0.6901274919509888
856,22,0.4860503673553467,0.6901274919509888
856,22,0.4860503673553467,0.6901274919509888
856,23,0.4742858111858368,0.9851899743080139
856,20,0.4913267195224762,0.31008180975914
856,21,0.47709017992019653,0.8500030040740967
856,21,0.47709017992019653,0.8500030040740967
856,21,0.47709017992019653,0.8500030040740967
856,21,0.47709017992019653,0.8500030040740967
856,21,0.47709017992019653,0.8500030040740967
856,21,0.47709017992019653,0.8500030040740967
856,21,0.47709017992019653,0.8500030040740967
856,21,0.47709017992019653,0.8500030040740967
856,21,0.47709017992019653,0.8500030040740967
856,21,0.47709017992019653,0.8500030040740967
856,21,0.47709017992019653,0.8500030040740967
856,22,0.4860503673553467,0.6901274919509888
856,22,0.4860503673553467,0.6901274919509888
856,22,0.4860503673553467,0.6901274919509888
856,22,0.4860503673553467,0.6901274919509888
856,22,0.4860503673553467,0.6901274919509888
856,22,0.4860503673553467,0.6901274919509888
856,22,0.4860503673553467,0.6901274919509888
856,22,0.4860503673553467,0.6901274919509888
856,22,0.4860503673553467,0.6901274919509888
856,22,0.4860503673553467,0.6901274919509888
856,22,0.4860503673553467,0.6901274919509888
856,24,0.5090491771697998,0.773628294467926
856,20,0.4913267195224762,0.31008180975914
856,21,0.47709017992019653,0.8500030040740967
856,21,0.47709017992019653,0.8500030040740967
856,21,0.47709017992019653,0.8500030040740967
856,21,0.47709017992019653,0.8500030040740967
856,21,0.47709017992019653,0.8500030040740967
856,21,0.47709017992019653,0.8500030040740967
856,21,0.47709017992019653,0.8500030040740967
856,21,0.47709017992019653,0.8500030040740967
856,21,0.47709017992019653,0.8500030040740967
856,21,0.47709017992019653,0.8500030040740967
856,21,0.47709017992019653,0.8500030040740967
856,21,0.47709017992019653,0.8500030040740967
856,21,0.47709017992019653,0.8500030040740967
856,21,0.47709017992019653,0.8500030040740967
856,21,0.47709017992019653,0.8500030040740967
856,22,0.4860503673553467,0.6901274919509888
856,22,0.4860503673553467,0.6901274919509888
856,22,0.4860503673553467,0.6901274919509888
856,22,0.4860503673553467,0.6901274919509888
856,22,0.4860503673553467,0.6901274919509888
856,22,0.4860503673553467,0.6901274919509888
856,22,0.4860503673553467,0.6901274919509888
856,22,0.4860503673553467,0.6901274919509888
856,22,0.4860503673553467,0.6901274919509888
856,22,0.4860503673553467,0.6901274919509888
856,22,0.4860503673553467,0.6901274919509888
856,22,0.4860503673553467,0.6901274919509888
856,22,0.4860503673553467,0.6901274919509888
856,22,0.4860503673553467,0.6901274919509888
856,22,0.4860503673553467,0.6901274919509888
856,25,0.4888169467449188,0.9134065508842468
856,20,0.4913267195224762,0.31008180975914
856,21,0.47709017992019653,0.8500030040740967
856,21,0.47709017992019653,0.8500030040740967
856,21,0.47709017992019653,0.8500030040740967
856,21,0.47709017992019653,0.8500030040740967
856,21,0.47709017992019653,0.8500030040740967
856,21,0.47709017992019653,0.8500030040740967
856,21,0.47709017992019653,0.8500030040740967
856,21,0.47709017992019653,0.8500030040740967
856,21,0.47709017992019653,0.8500030040740967
856,21,0.47709017992019653,0.8500030040740967
856,21,0.47709017992019653,0.8500030040740967
856,22,0.4860503673553467,0.6901274919509888
856,22,0.4860503673553467,0.6901274919509888
856,22,0.4860503673553467,0.6901274919509888
856,22,0.4860503673553467,0.6901274919509888
856,22,0.4860503673553467,0.6901274919509888
856,22,0.4860503673553467,0.6901274919509888
856,22,0.4860503673553467,0.6901274919509888
856,22,0.4860503673553467,0.6901274919509888
856,22,0.4860503673553467,0.6901274919509888
856,22,0.4860503673553467,0.6901274919509888
856,0,0.4875018000602722,0.0865730494260788
856,0,0.4875018000602722,0.0865730494260788
856,0,0.4875018000602722,0.0865730494260788
856,0,0.4875018000602722,0.0865730494260788
856,0,0.4875018000602722,0.0865730494260788
856,0,0.4875018000602722,0.0865730494260788
856,0,0.4875018000602722,0.0865730494260788
856,0,0.4875018000602722,0.0865730494260788
856,0,0.4875018000602722,0.0865730494260788
856,0,0.4875018000602722,0.0865730494260788
856,0,0.4875018000602722,0.0865730494260788
856,0,0.4875018000602722,0.0865730494260788
856,0,0.4875018000602722,0.0865730494260788
856,0,0.4875018000602722,0.0865730494260788
856,0,0.4875018000602722,0.0865730494260788
856,0,0.4875018000602722,0.0865730494260788
856,0,0.4875018000602722,0.0865730494260788
856,0,0.4875018000602722,0.0865730494260788
856,0,0.4875018000602722,0.0865730494260788
856,0,0.4875018000602722,0.0865730494260788
856,0,0.4875018000602722,0.0865730494260788
856,0,0.4875018000602722,0.0865730494260788
856,0,0.4875018000602722,0.0865730494260788
856,0,0.4875018000602722,0.0865730494260788
856,0,0.4875018000602722,0.0865730494260788
856,0,0.4875018000602722,0.0865730494260788
856,0,0.4875018000602722,0.0865730494260788
856,0,0.4875018000602722,0.0865730494260788
856,0,0.4875018000602722,0.0865730494260788
856,0,0.4875018000602722,0.0865730494260788
856,0,0.4875018000602722,0.0865730494260788
856,0,0.4875018000602722,0.0865730494260788
856,0,0.4875018000602722,0.0865730494260788
856,0,0.4875018000602722,0.0865730494260788
856,0,0.4875018000602722,0.0865730494260788
856,0,0.4875018000602722,0.0865730494260788
856,0,0.4875018000602722,0.0865730494260788
856,0,0.4875018000602722,0.0865730494260788
856,0,0.4875018000602722,0.0865730494260788
856,0,0.4875018000602722,0.0865730494260788
856,0,0.4875018000602722,0.0865730494260788
856,0,0.4875018000602722,0.0865730494260788
856,0,0.4875018000602722,0.0865730494260788
856,0,0.4875018000602722,0.0865730494260788
856,0,0.4875018000602722,0.0865730494260788
856,0,0.4875018000602722,0.0865730494260788
856,0,0.4875018000602722,0.0865730494260788
856,0,0.4875018000602722,0.0865730494260788
856,0,0.4875018000602722,0.0865730494260788
856,0,0.4875018000602722,0.0865730494260788
856,0,0.4875018000602722,0.0865730494260788
856,0,0.4875018000602722,0.0865730494260788
856,0,0.4875018000602722,0.0865730494260788
856,0,0.4875018000602722,0.0865730494260788
856,0,0.4875018000602722,0.0865730494260788
856,0,0.4875018000602722,0.0865730494260788
856,0,0.4875018000602722,0.0865730494260788
856,0,0.4875018000602722,0.0865730494260788
856,0,0.4875018000602722,0.0865730494260788
856,0,0.4875018000602722,0.0865730494260788
812,0,0.488993763923645,0.0865730494260788
812,2,0.49917715787887573,0.4455474615097046
812,1,0.5353924632072449,0.10744237899780273
812,3,0.49071064591407776,0.7426278591156006
812,4,0.5105239152908325,0.6352908611297607
812,5,0.4804016351699829,0.3134657144546509
812,6,0.5131722688674927,0.9404323101043701
812,6,0.5131722688674927,0.9404323101043701
812,0,0.488993763923645,0.0865730494260788
812,2,0.49917715787887573,0.4455474615097046
812,1,0.5353924632072449,0.10744237899780273
812,4,0.5105239152908325,0.6352908611297607
812,3,0.49071064591407776,0.7426278591156006
812,5,0.4804016351699829,0.3134657144546509
812,6,0.5131722688674927,0.9404323101043701
812,6,0.5131722688674927,0.9404323101043701
812,0,0.488993763923645,0.0865730494260788
812,1,0.5353924632072449,0.10744237899780273
812,2,0.49917715787887573,0.4455474615097046
812,2,0.49917715787887573,0.4455474615097046
812,3,0.49071064591407776,0.7426278591156006
812,4,0.5105239152908325,0.6352908611297607
812,5,0.4804016351699829,0.3134657144546509
812,6,0.5131722688674927,0.9404323101043701
812,6,0.5131722688674927,0.9404323101043701
812,0,0.488993763923645,0.0865730494260788
812,1,0.5353924632072449,0.10744237899780273
812,2,0.49917715787887573,0.4455474615097046
812,4,0.5105239152908325,0.6352908611297607
812,3,0.49071064591407776,0.7426278591156006
812,5,0.4804016351699829,0.3134657144546509
812,6,0.5131722688674927,0.9404323101043701
812,6,0.5131722688674927,0.9404323101043701
812,0,0.488993763923645,0.0865730494260788
812,2,0.49917715787887573,0.4455474615097046
812,1,0.5353924632072449,0.10744237899780273
812,1,0.5353924632072449,0.10744237899780273
812,3,0.49071064591407776,0.7426278591156006
812,4,0.5105239152908325,0.6352908611297607
812,5,0.4804016351699829,0.3134657144546509
812,6,0.5131722688674927,0.9404323101043701
812,6,0.5131722688674927,0.9404323101043701
812,0,0.488993763923645,0.0865730494260788
812,2,0.49917715787887573,0.4455474615097046
812,1,0.5353924632072449,0.10744237899780273
812,4,0.5105239152908325,0.6352908611297607
812,3,0.49071064591407776,0.7426278591156006
812,5,0.4804016351699829,0.3134657144546509
812,6,0.5131722688674927,0.9404323101043701
812,6,0.5131722688674927,0.9404323101043701
812,0,0.488993763923645,0.0865730494260788
812,2,0.49917715787887573,0.4455474615097046
812,1,0.5353924632072449,0.10744237899780273
812,3,0.49071064591407776,0.7426278591156006
812,4,0.5105239152908325,0.6352908611297607
812,5,0.4804016351699829,0.3134657144546509
812,6,0.5131722688674927,0.9404323101043701
812,6,0.5131722688674927,0.9404323101043701
812,0,0.488993763923645,0.0865730494260788
812,1,0.5353924632072449,0.10744237899780273
812,2,0.49917715787887573,0.4455474615097046
812,3,0.49071064591407776,0.7426278591156006
812,4,0.5105239152908325,0.6352908611297607
812,5,0.4804016351699829,0.3134657144546509
812,6,0.5131722688674927,0.9404323101043701
812,6,0.5131722688674927,0.9404323101043701
812,0,0.488993763923645,0.0865730494260788
812,1,0.5353924632072449,0.10744237899780273
812,2,0.49917715787887573,0.4455474615097046
812,4,0.5105239152908325,0.6352908611297607
812,3,0.49071064591407776,0.7426278591156006
812,5,0.4804016351699829,0.3134657144546509
812,6,0.5131722688674927,0.9404323101043701
812,6,0.5131722688674927,0.9404323101043701
812,0,0.488993763923645,0.0865730494260788
812,2,0.49917715787887573,0.4455474615097046
812,1,0.5353924632072449,0.10744237899780273
812,3,0.49071064591407776,0.7426278591156006
812,4,0.5105239152908325,0.6352908611297607
812,5,0.4804016351699829,0.3134657144546509
812,6,0.5131722688674927,0.9404323101043701
812,6,0.5131722688674927,0.9404323101043701
812,0,0.488993763923645,0.0865730494260788
812,2,0.49917715787887573,0.4455474615097046
812,1,0.5353924632072449,0.10744237899780273
812,3,0.49071064591407776,0.7426278591156006
812,4,0.5105239152908325,0.6352908611297607
812,5,0.4804016351699829,0.3134657144546509
812,6,0.5131722688674927,0.9404323101043701
812,6,0.5131722688674927,0.9404323101043701
812,0,0.488993763923645,0.0865730494260788
812,2,0.49917715787887573,0.4455474615097046
812,1,0.5353924632072449,0.10744237899780273
812,3,0.49071064591407776,0.7426278591156006
812,4,0.5105239152908325,0.6352908611297607
812,5,0.4804016351699829,0.3134657144546509
812,6,0.5131722688674927,0.9404323101043701
812,6,0.5131722688674927,0.9404323101043701
812,0,0.488993763923645,0.0865730494260788
812,0,0.488993763923645,0.0865730494260788
812,0,0.488993763923645,0.0865730494260788
812,0,0.488993763923645,0.0865730494260788
812,0,0.488993763923645,0.0865730494260788
812,0,0.488993763923645,0.0865730494260788
812,0,0.488993763923645,0.0865730494260788
812,0,0.488993763923645,0.0865730494260788
812,0,0.488993763923645,0.0865730494260788
812,0,0.488993763923645,0.0865730494260788
812,0,0.488993763923645,0.0865730494260788
812,0,0.488993763923645,0.0865730494260788
812,0,0.488993763923645,0.0865730494260788
812,0,0.488993763923645,0.0865730494260788
812,0,0.488993763923645,0.0865730494260788
812,0,0.488993763923645,0.0865730494260788
812,0,0.488993763923645,0.0865730494260788
812,0,0.488993763923645,0.0865730494260788
812,0,0.488993763923645,0.0865730494260788
812,0,0.488993763923645,0.0865730494260788
812,0,0.488993763923645,0.0865730494260788
812,0,0.488993763923645,0.0865730494260788
812,0,0.488993763923645,0.0865730494260788
812,0,0.488993763923645,0.0865730494260788
812,0,0.488993763923645,0.0865730494260788
812,0,0.488993763923645,0.0865730494260788
812,0,0.488993763923645,0.0865730494260788
812,0,0.488993763923645,0.0865730494260788
812,0,0.488993763923645,0.0865730494260788
812,0,0.488993763923645,0.0865730494260788
812,0,0.488993763923645,0.0865730494260788
812,0,0.488993763923645,0.0865730494260788
812,0,0.488993763923645,0.0865730494260788
812,0,0.488993763923645,0.0865730494260788
812,0,0.488993763923645,0.0865730494260788
812,0,0.488993763923645,0.0865730494260788
812,0,0.488993763923645,0.0865730494260788
812,0,0.488993763923645,0.0865730494260788
812,0,0.488993763923645,0.0865730494260788
812,0,0.488993763923645,0.0865730494260788
812,0,0.488993763923645,0.0865730494260788
812,0,0.488993763923645,0.0865730494260788
812,0,0.488993763923645,0.0865730494260788
812,0,0.488993763923645,0.0865730494260788
812,0,0.488993763923645,0.0865730494260788
812,0,0.488993763923645,0.0865730494260788
812,0,0.488993763923645,0.0865730494260788
812,0,0.488993763923645,0.0865730494260788
812,0,0.488993763923645,0.0865730494260788
812,0,0.488993763923645,0.0865730494260788
812,0,0.488993763923645,0.0865730494260788
812,0,0.488993763923645,0.0865730494260788
812,0,0.488993763923645,0.0865730494260788
812,0,0.488993763923645,0.0865730494260788
812,0,0.488993763923645,0.0865730494260788
812,0,0.488993763923645,0.0865730494260788
812,0,0.488993763923645,0.0865730494260788
812,0,0.488993763923645,0.0865730494260788
812,0,0.488993763923645,0.0865730494260788
812,0,0.488993763923645,0.0865730494260788
812,0,0.488993763923645,0.0865730494260788
812,0,0.488993763923645,0.0865730494260788
812,0,0.488993763923645,0.0865730494260788
812,0,0.488993763923645,0.0865730494260788
812,0,0.488993763923645,0.0865730494260788
812,0,0.488993763923645,0.0865730494260788
812,0,0.488993763923645,0.0865730494260788
812,0,0.488993763923645,0.0865730494260788
812,0,0.488993763923645,0.0865730494260788
812,0,0.488993763923645,0.0865730494260788
812,0,0.488993763923645,0.0865730494260788
812,0,0.488993763923645,0.0865730494260788
812,0,0.488993763923645,0.0865730494260788
812,0,0.488993763923645,0.0865730494260788
812,0,0.488993763923645,0.0865730494260788
812,0,0.488993763923645,0.0865730494260788
812,0,0.488993763923645,0.0865730494260788
812,0,0.488993763923645,0.0865730494260788
812,0,0.488993763923645,0.0865730494260788
812,0,0.488993763923645,0.0865730494260788
812,0,0.488993763923645,0.0865730494260788
812,0,0.488993763923645,0.0865730494260788
812,0,0.488993763923645,0.0865730494260788
812,0,0.488993763923645,0.0865730494260788
812,0,0.488993763923645,0.0865730494260788
812,0,0.488993763923645,0.0865730494260788
812,0,0.488993763923645,0.0865730494260788
812,0,0.488993763923645,0.0865730494260788
812,0,0.488993763923645,0.0865730494260788
812,0,0.488993763923645,0.0865730494260788
812,0,0.488993763923645,0.0865730494260788
812,0,0.488993763923645,0.0865730494260788
812,0,0.488993763923645,0.0865730494260788
812,0,0.488993763923645,0.0865730494260788
812,0,0.488993763923645,0.0865730494260788
812,0,0.488993763923645,0.0865730494260788
812,0,0.488993763923645,0.0865730494260788
812,0,0.488993763923645,0.0865730494260788
812,0,0.488993763923645,0.0865730494260788
812,0,0.488993763923645,0.0865730494260788
812,0,0.488993763923645,0.0865730494260788
812,0,0.488993763923645,0.0865730494260788
741,0,0.4890917241573334,0.0865730494260788
741,2,0.4992752969264984,0.4455474615097046
741,1,0.5354897975921631,0.10744237899780273
741,3,0.49080872535705566,0.7426278591156006
741,4,0.5106220245361328,0.6352908611297607
741,5,0.48049959540367126,0.3134657144546509
741,6,0.513270378112793,0.9404323101043701
741,6,0.513270378112793,0.9404323101043701
741,0,0.4890917241573334,0.0865730494260788
741,2,0.4992752969264984,0.4455474615097046
741,1,0.5354897975921631,0.10744237899780273
741,3,0.49080872535705566,0.7426278591156006
741,4,0.5106220245361328,0.6352908611297607
741,5,0.48049959540367126,0.3134657144546509
741,6,0.513270378112793,0.9404323101043701
741,6,0.513270378112793,0.9404323101043701
741,0,0.4890917241573334,0.0865730494260788
741,1,0.5354897975921631,0.10744237899780273
741,2,0.4992752969264984,0.4455474615097046
741,3,0.49080872535705566,0.7426278591156006
741,4,0.5106220245361328,0.6352908611297607
741,5,0.48049959540367126,0.3134657144546509
741,6,0.513270378112793,0.9404323101043701
741,6,0.513270378112793,0.9404323101043701
741,0,0.4890917241573334,0.0865730494260788
741,1,0.5354897975921631,0.10744237899780273
741,2,0.4992752969264984,0.4455474615097046
741,3,0.49080872535705566,0.7426278591156006
741,4,0.5106220245361328,0.6352908611297607
741,5,0.48049959540367126,0.3134657144546509
741,6,0.513270378112793,0.9404323101043701
741,6,0.513270378112793,0.9404323101043701
741,0,0.4890917241573334,0.0865730494260788
741,1,0.5354897975921631,0.10744237899780273
741,2,0.4992752969264984,0.4455474615097046
741,3,0.49080872535705566,0.7426278591156006
741,4,0.5106220245361328,0.6352908611297607
741,5,0.48049959540367126,0.3134657144546509
741,6,0.513270378112793,0.9404323101043701
741,6,0.513270378112793,0.9404323101043701
741,0,0.4890917241573334,0.0865730494260788
741,2,0.4992752969264984,0.4455474615097046
741,1,0.5354897975921631,0.10744237899780273
741,3,0.49080872535705566,0.7426278591156006
741,4,0.5106220245361328,0.6352908611297607
741,5,0.48049959540367126,0.3134657144546509
741,6,0.513270378112793,0.9404323101043701
741,0,0.4890917241573334,0.0865730494260788
741,0,0.4890917241573334,0.0865730494260788
741,0,0.4890917241573334,0.0865730494260788
741,0,0.4890917241573334,0.0865730494260788
741,0,0.4890917241573334,0.0865730494260788
741,0,0.4890917241573334,0.0865730494260788
741,0,0.4890917241573334,0.0865730494260788
741,0,0.4890917241573334,0.0865730494260788
741,0,0.4890917241573334,0.0865730494260788
741,0,0.4890917241573334,0.0865730494260788
741,0,0.4890917241573334,0.0865730494260788
741,0,0.4890917241573334,0.0865730494260788
741,0,0.4890917241573334,0.0865730494260788
741,0,0.4890917241573334,0.0865730494260788
741,0,0.4890917241573334,0.0865730494260788
741,0,0.4890917241573334,0.0865730494260788
741,0,0.4890917241573334,0.0865730494260788
741,0,0.4890917241573334,0.0865730494260788
741,0,0.4890917241573334,0.0865730494260788
741,0,0.4890917241573334,0.0865730494260788
741,0,0.4890917241573334,0.0865730494260788
741,0,0.4890917241573334,0.0865730494260788
741,0,0.4890917241573334,0.0865730494260788
741,0,0.4890917241573334,0.0865730494260788
741,0,0.4890917241573334,0.0865730494260788
741,0,0.4890917241573334,0.0865730494260788
741,0,0.4890917241573334,0.0865730494260788
741,0,0.4890917241573334,0.0865730494260788
741,0,0.4890917241573334,0.0865730494260788
741,0,0.4890917241573334,0.0865730494260788
741,0,0.4890917241573334,0.0865730494260788
741,0,0.4890917241573334,0.0865730494260788
741,0,0.4890917241573334,0.0865730494260788
741,0,0.4890917241573334,0.0865730494260788
741,0,0.4890917241573334,0.0865730494260788
741,0,0.4890917241573334,0.0865730494260788
741,0,0.4890917241573334,0.0865730494260788
741,0,0.4890917241573334,0.0865730494260788
741,0,0.4890917241573334,0.0865730494260788
741,0,0.4890917241573334,0.0865730494260788
741,0,0.4890917241573334,0.0865730494260788
741,0,0.4890917241573334,0.0865730494260788
741,0,0.4890917241573334,0.0865730494260788
741,0,0.4890917241573334,0.0865730494260788
741,0,0.4890917241573334,0.0865730494260788
741,0,0.4890917241573334,0.0865730494260788
741,0,0.4890917241573334,0.0865730494260788
741,0,0.4890917241573334,0.0865730494260788
741,0,0.4890917241573334,0.0865730494260788
741,0,0.4890917241573334,0.0865730494260788
741,0,0.4890917241573334,0.0865730494260788
741,0,0.4890917241573334,0.0865730494260788
741,0,0.4890917241573334,0.0865730494260788
741,0,0.4890917241573334,0.0865730494260788
741,0,0.4890917241573334,0.0865730494260788
741,0,0.4890917241573334,0.0865730494260788
741,0,0.4890917241573334,0.0865730494260788
741,0,0.4890917241573334,0.0865730494260788
741,0,0.4890917241573334,0.0865730494260788
741,0,0.4890917241573334,0.0865730494260788
741,0,0.4890917241573334,0.0865730494260788
741,0,0.4890917241573334,0.0865730494260788
741,0,0.4890917241573334,0.0865730494260788
741,0,0.4890917241573334,0.0865730494260788
741,0,0.4890917241573334,0.0865730494260788
741,0,0.4890917241573334,0.0865730494260788
741,0,0.4890917241573334,0.0865730494260788
741,0,0.4890917241573334,0.0865730494260788
741,0,0.4890917241573334,0.0865730494260788
741,0,0.4890917241573334,0.0865730494260788
741,0,0.4890917241573334,0.0865730494260788
741,0,0.4890917241573334,0.0865730494260788
741,0,0.4890917241573334,0.0865730494260788
741,0,0.4890917241573334,0.0865730494260788
741,0,0.4890917241573334,0.0865730494260788
741,0,0.4890917241573334,0.0865730494260788
741,0,0.4890917241573334,0.0865730494260788
741,0,0.4890917241573334,0.0865730494260788
741,0,0.4890917241573334,0.0865730494260788
741,0,0.4890917241573334,0.0865730494260788
741,0,0.4890917241573334,0.0865730494260788
741,0,0.4890917241573334,0.0865730494260788
741,0,0.4890917241573334,0.0865730494260788
741,0,0.4890917241573334,0.0865730494260788
741,0,0.4890917241573334,0.0865730494260788
741,0,0.4890917241573334,0.0865730494260788
741,0,0.4890917241573334,0.0865730494260788
741,0,0.4890917241573334,0.0865730494260788
741,0,0.4890917241573334,0.0865730494260788
741,0,0.4890917241573334,0.0865730494260788
741,0,0.4890917241573334,0.0865730494260788
741,0,0.4890917241573334,0.0865730494260788
741,0,0.4890917241573334,0.0865730494260788
741,0,0.4890917241573334,0.0865730494260788
741,0,0.4890917241573334,0.0865730494260788
741,0,0.4890917241573334,0.0865730494260788
741,0,0.4890917241573334,0.0865730494260788
741,0,0.4890917241573334,0.0865730494260788
741,0,0.4890917241573334,0.0865730494260788
741,0,0.4890917241573334,0.0865730494260788
741,0,0.4890917241573334,0.0865730494260788
741,0,0.4890917241573334,0.0865730494260788
741,0,0.4890917241573334,0.0865730494260788
741,0,0.4890917241573334,0.0865730494260788
741,0,0.4890917241573334,0.0865730494260788
741,0,0.4890917241573334,0.0865730494260788
741,0,0.4890917241573334,0.0865730494260788
741,0,0.4890917241573334,0.0865730494260788
741,0,0.4890917241573334,0.0865730494260788
741,0,0.4890917241573334,0.0865730494260788
741,0,0.4890917241573334,0.0865730494260788
741,0,0.4890917241573334,0.0865730494260788
741,0,0.4890917241573334,0.0865730494260788
741,0,0.4890917241573334,0.0865730494260788
741,0,0.4890917241573334,0.0865730494260788
741,0,0.4890917241573334,0.0865730494260788
741,0,0.4890917241573334,0.0865730494260788
741,0,0.4890917241573334,0.0865730494260788
741,0,0.4890917241573334,0.0865730494260788
741,0,0.4890917241573334,0.0865730494260788
741,0,0.4890917241573334,0.0865730494260788
741,0,0.4890917241573334,0.0865730494260788
741,0,0.4890917241573334,0.0865730494260788
741,0,0.4890917241573334,0.0865730494260788
741,0,0.4890917241573334,0.0865730494260788
741,0,0.4890917241573334,0.0865730494260788
741,0,0.4890917241573334,0.0865730494260788
741,0,0.4890917241573334,0.0865730494260788
741,0,0.4890917241573334,0.0865730494260788
741,0,0.4890917241573334,0.0865730494260788
741,0,0.4890917241573334,0.0865730494260788
741,0,0.4890917241573334,0.0865730494260788
741,0,0.4890917241573334,0.0865730494260788
741,0,0.4890917241573334,0.0865730494260788
741,0,0.4890917241573334,0.0865730494260788
741,0,0.4890917241573334,0.0865730494260788
741,0,0.4890917241573334,0.0865730494260788
741,0,0.4890917241573334,0.0865730494260788
741,0,0.4890917241573334,0.0865730494260788
741,0,0.4890917241573334,0.0865730494260788
741,0,0.4890917241573334,0.0865730494260788
741,0,0.4890917241573334,0.0865730494260788
741,0,0.4890917241573334,0.0865730494260788
741,0,0.4890917241573334,0.0865730494260788
741,0,0.4890917241573334,0.0865730494260788
741,0,0.4890917241573334,0.0865730494260788
741,0,0.4890917241573334,0.0865730494260788
741,0,0.4890917241573334,0.0865730494260788
741,0,0.4890917241573334,0.0865730494260788
741,0,0.4890917241573334,0.0865730494260788
741,0,0.4890917241573334,0.0865730494260788
741,0,0.4890917241573334,0.0865730494260788
741,0,0.4890917241573334,0.0865730494260788
738,0,0.4892038404941559,0.0865730494260788
738,2,0.4993876516819,0.4455474615097046
738,1,0.5356011390686035,0.10744237899780273
738,3,0.4909208416938782,0.7426278591156006
738,5,0.4806115925312042,0.3134657144546509
738,4,0.5107342600822449,0.6352908611297607
738,6,0.5133826732635498,0.9404323101043701
738,6,0.5133826732635498,0.9404323101043701
738,0,0.4892038404941559,0.0865730494260788
738,2,0.4993876516819,0.4455474615097046
738,1,0.5356011390686035,0.10744237899780273
738,4,0.5107342600822449,0.6352908611297607
738,3,0.4909208416938782,0.7426278591156006
738,5,0.4806115925312042,0.3134657144546509
738,6,0.5133826732635498,0.9404323101043701
738,6,0.5133826732635498,0.9404323101043701
738,0,0.4892038404941559,0.0865730494260788
738,2,0.4993876516819,0.4455474615097046
738,1,0.5356011390686035,0.10744237899780273
738,3,0.4909208416938782,0.7426278591156006
738,4,0.5107342600822449,0.6352908611297607
738,5,0.4806115925312042,0.3134657144546509
738,0,0.4892038404941559,0.0865730494260788
738,0,0.4892038404941559,0.0865730494260788
738,0,0.4892038404941559,0.0865730494260788
738,0,0.4892038404941559,0.0865730494260788
738,0,0.4892038404941559,0.0865730494260788
738,0,0.4892038404941559,0.0865730494260788
738,0,0.4892038404941559,0.0865730494260788
738,0,0.4892038404941559,0.0865730494260788
738,0,0.4892038404941559,0.0865730494260788
738,0,0.4892038404941559,0.0865730494260788
738,0,0.4892038404941559,0.0865730494260788
738,0,0.4892038404941559,0.0865730494260788
738,0,0.4892038404941559,0.0865730494260788
738,0,0.4892038404941559,0.0865730494260788
738,0,0.4892038404941559,0.0865730494260788
738,0,0.4892038404941559,0.0865730494260788
738,0,0.4892038404941559,0.0865730494260788
738,0,0.4892038404941559,0.0865730494260788
738,0,0.4892038404941559,0.0865730494260788
738,0,0.4892038404941559,0.0865730494260788
738,0,0.4892038404941559,0.0865730494260788
738,0,0.4892038404941559,0.0865730494260788
738,0,0.4892038404941559,0.0865730494260788
738,0,0.4892038404941559,0.0865730494260788
738,0,0.4892038404941559,0.0865730494260788
738,0,0.4892038404941559,0.0865730494260788
738,0,0.4892038404941559,0.0865730494260788
738,0,0.4892038404941559,0.0865730494260788
738,0,0.4892038404941559,0.0865730494260788
738,0,0.4892038404941559,0.0865730494260788
738,0,0.4892038404941559,0.0865730494260788
738,0,0.4892038404941559,0.0865730494260788
738,0,0.4892038404941559,0.0865730494260788
738,0,0.4892038404941559,0.0865730494260788
738,0,0.4892038404941559,0.0865730494260788
738,0,0.4892038404941559,0.0865730494260788
738,0,0.4892038404941559,0.0865730494260788
738,0,0.4892038404941559,0.0865730494260788
738,0,0.4892038404941559,0.0865730494260788
738,0,0.4892038404941559,0.0865730494260788
738,0,0.4892038404941559,0.0865730494260788
738,0,0.4892038404941559,0.0865730494260788
738,0,0.4892038404941559,0.0865730494260788
738,0,0.4892038404941559,0.0865730494260788
738,0,0.4892038404941559,0.0865730494260788
738,0,0.4892038404941559,0.0865730494260788
738,0,0.4892038404941559,0.0865730494260788
738,0,0.4892038404941559,0.0865730494260788
738,0,0.4892038404941559,0.0865730494260788
738,0,0.4892038404941559,0.0865730494260788
738,0,0.4892038404941559,0.0865730494260788
738,0,0.4892038404941559,0.0865730494260788
738,0,0.4892038404941559,0.0865730494260788
738,0,0.4892038404941559,0.0865730494260788
738,0,0.4892038404941559,0.0865730494260788
738,0,0.4892038404941559,0.0865730494260788
738,0,0.4892038404941559,0.0865730494260788
738,0,0.4892038404941559,0.0865730494260788
738,0,0.4892038404941559,0.0865730494260788
738,0,0.4892038404941559,0.0865730494260788
738,0,0.4892038404941559,0.0865730494260788
738,0,0.4892038404941559,0.0865730494260788
738,0,0.4892038404941559,0.0865730494260788
738,0,0.4892038404941559,0.0865730494260788
738,0,0.4892038404941559,0.0865730494260788
738,0,0.4892038404941559,0.0865730494260788
738,0,0.4892038404941559,0.0865730494260788
738,0,0.4892038404941559,0.0865730494260788
738,0,0.4892038404941559,0.0865730494260788
738,0,0.4892038404941559,0.0865730494260788
738,0,0.4892038404941559,0.0865730494260788
738,0,0.4892038404941559,0.0865730494260788
738,0,0.4892038404941559,0.0865730494260788
738,0,0.4892038404941559,0.0865730494260788
738,0,0.4892038404941559,0.0865730494260788
738,0,0.4892038404941559,0.0865730494260788
738,0,0.4892038404941559,0.0865730494260788
738,0,0.4892038404941559,0.0865730494260788
738,0,0.4892038404941559,0.0865730494260788
738,0,0.4892038404941559,0.0865730494260788
738,0,0.4892038404941559,0.0865730494260788
738,0,0.4892038404941559,0.0865730494260788
738,0,0.4892038404941559,0.0865730494260788
738,0,0.4892038404941559,0.0865730494260788
738,0,0.4892038404941559,0.0865730494260788
738,0,0.4892038404941559,0.0865730494260788
738,0,0.4892038404941559,0.0865730494260788
738,0,0.4892038404941559,0.0865730494260788
738,0,0.4892038404941559,0.0865730494260788
738,0,0.4892038404941559,0.0865730494260788
738,0,0.4892038404941559,0.0865730494260788
738,0,0.4892038404941559,0.0865730494260788
738,0,0.4892038404941559,0.0865730494260788
738,0,0.4892038404941559,0.0865730494260788
738,0,0.4892038404941559,0.0865730494260788
738,0,0.4892038404941559,0.0865730494260788
738,0,0.4892038404941559,0.0865730494260788
738,0,0.4892038404941559,0.0865730494260788
738,0,0.4892038404941559,0.0865730494260788
738,0,0.4892038404941559,0.0865730494260788
738,0,0.4892038404941559,0.0865730494260788
738,0,0.4892038404941559,0.0865730494260788
738,0,0.4892038404941559,0.0865730494260788
738,0,0.4892038404941559,0.0865730494260788
738,0,0.4892038404941559,0.0865730494260788
738,0,0.4892038404941559,0.0865730494260788
738,0,0.4892038404941559,0.0865730494260788
738,0,0.4892038404941559,0.0865730494260788
738,0,0.4892038404941559,0.0865730494260788
738,0,0.4892038404941559,0.0865730494260788
738,0,0.4892038404941559,0.0865730494260788
738,0,0.4892038404941559,0.0865730494260788
738,0,0.4892038404941559,0.0865730494260788
738,0,0.4892038404941559,0.0865730494260788
738,0,0.4892038404941559,0.0865730494260788
738,0,0.4892038404941559,0.0865730494260788
738,0,0.4892038404941559,0.0865730494260788
738,0,0.4892038404941559,0.0865730494260788
738,0,0.4892038404941559,0.0865730494260788
738,0,0.4892038404941559,0.0865730494260788
738,0,0.4892038404941559,0.0865730494260788
738,0,0.4892038404941559,0.0865730494260788
738,0,0.4892038404941559,0.0865730494260788
738,0,0.4892038404941559,0.0865730494260788
738,0,0.4892038404941559,0.0865730494260788
738,0,0.4892038404941559,0.0865730494260788
738,0,0.4892038404941559,0.0865730494260788
738,0,0.4892038404941559,0.0865730494260788
738,0,0.4892038404941559,0.0865730494260788
738,0,0.4892038404941559,0.0865730494260788
738,0,0.4892038404941559,0.0865730494260788
738,0,0.4892038404941559,0.0865730494260788
738,0,0.4892038404941559,0.0865730494260788
738,0,0.4892038404941559,0.0865730494260788
738,0,0.4892038404941559,0.0865730494260788
738,0,0.4892038404941559,0.0865730494260788
738,0,0.4892038404941559,0.0865730494260788
738,0,0.4892038404941559,0.0865730494260788
738,0,0.4892038404941559,0.0865730494260788
738,0,0.4892038404941559,0.0865730494260788
738,0,0.4892038404941559,0.0865730494260788
738,0,0.4892038404941559,0.0865730494260788
738,0,0.4892038404941559,0.0865730494260788
738,0,0.4892038404941559,0.0865730494260788
738,0,0.4892038404941559,0.0865730494260788
738,0,0.4892038404941559,0.0865730494260788
738,0,0.4892038404941559,0.0865730494260788
738,0,0.4892038404941559,0.0865730494260788
738,0,0.4892038404941559,0.0865730494260788
738,0,0.4892038404941559,0.0865730494260788
738,0,0.4892038404941559,0.0865730494260788
738,0,0.4892038404941559,0.0865730494260788
738,0,0.4892038404941559,0.0865730494260788
738,0,0.4892038404941559,0.0865730494260788
738,0,0.4892038404941559,0.0865730494260788
738,0,0.4892038404941559,0.0865730494260788
738,0,0.4892038404941559,0.0865730494260788
738,0,0.4892038404941559,0.0865730494260788
738,0,0.4892038404941559,0.0865730494260788
738,0,0.4892038404941559,0.0865730494260788
738,0,0.4892038404941559,0.0865730494260788
738,0,0.4892038404941559,0.0865730494260788
738,0,0.4892038404941559,0.0865730494260788
738,0,0.4892038404941559,0.0865730494260788
738,0,0.4892038404941559,0.0865730494260788
738,0,0.4892038404941559,0.0865730494260788
738,0,0.4892038404941559,0.0865730494260788
738,0,0.4892038404941559,0.0865730494260788
738,0,0.4892038404941559,0.0865730494260788
738,0,0.4892038404941559,0.0865730494260788
738,0,0.4892038404941559,0.0865730494260788
738,0,0.4892038404941559,0.0865730494260788
738,0,0.4892038404941559,0.0865730494260788
738,0,0.4892038404941559,0.0865730494260788
738,0,0.4892038404941559,0.0865730494260788
738,0,0.4892038404941559,0.0865730494260788
738,0,0.4892038404941559,0.0865730494260788
738,0,0.4892038404941559,0.0865730494260788
258,6,0.5132052302360535,0.9404323101043701
258,14,0.4866175949573517,0.6417677998542786
258,7,0.5221355557441711,0.37016135454177856
258,8,0.4789852201938629,0.3491012752056122
258,9,0.5008505582809448,0.7043098211288452
258,10,0.4746294319629669,0.6246944665908813
258,13,0.5475232005119324,0.16971169412136078
258,12,0.47337034344673157,0.999262273311615
258,11,0.48897314071655273,0.6153284907341003
258,6,0.5132052302360535,0.9404323101043701
258,14,0.4866175949573517,0.6417677998542786
258,7,0.5221355557441711,0.37016135454177856
258,8,0.4789852201938629,0.3491012752056122
258,9,0.5008505582809448,0.7043098211288452
258,12,0.47337034344673157,0.999262273311615
258,10,0.4746294319629669,0.6246944665908813
258,11,0.48897314071655273,0.6153284907341003
258,13,0.5475232005119324,0.16971169412136078
258,6,0.5132052302360535,0.9404323101043701
258,14,0.4866175949573517,0.6417677998542786
258,7,0.5221355557441711,0.37016135454177856
258,9,0.5008505582809448,0.7043098211288452
258,8,0.4789852201938629,0.3491012752056122
258,12,0.47337034344673157,0.999262273311615
258,10,0.4746294319629669,0.6246944665908813
258,11,0.48897314071655273,0.6153284907341003
258,13,0.5475232005119324,0.16971169412136078
258,6,0.5132052302360535,0.9404323101043701
258,14,0.4866175949573517,0.6417677998542786
258,7,0.5221355557441711,0.37016135454177856
258,9,0.5008505582809448,0.7043098211288452
258,8,0.4789852201938629,0.3491012752056122
258,12,0.47337034344673157,0.999262273311615
258,10,0.4746294319629669,0.6246944665908813
258,11,0.48897314071655273,0.6153284907341003
258,13,0.5475232005119324,0.16971169412136078
258,6,0.5132052302360535,0.9404323101043701
258,14,0.4866175949573517,0.6417677998542786
258,7,0.5221355557441711,0.37016135454177856
258,9,0.5008505582809448,0.7043098211288452
258,8,0.4789852201938629,0.3491012752056122
258,12,0.47337034344673157,0.999262273311615
258,10,0.4746294319629669,0.6246944665908813
258,11,0.48897314071655273,0.6153284907341003
258,13,0.5475232005119324,0.16971169412136078
258,6,0.5132052302360535,0.9404323101043701
258,14,0.4866175949573517,0.6417677998542786
258,7,0.5221355557441711,0.37016135454177856
258,8,0.4789852201938629,0.3491012752056122
258,9,0.5008505582809448,0.7043098211288452
258,10,0.4746294319629669,0.6246944665908813
258,12,0.47337034344673157,0.999262273311615
258,11,0.48897314071655273,0.6153284907341003
258,13,0.5475232005119324,0.16971169412136078
258,6,0.5132052302360535,0.9404323101043701
258,14,0.4866175949573517,0.6417677998542786
258,7,0.5221355557441711,0.37016135454177856
258,8,0.4789852201938629,0.3491012752056122
258,9,0.5008505582809448,0.7043098211288452
258,10,0.4746294319629669,0.6246944665908813
258,11,0.48897314071655273,0.6153284907341003
258,12,0.47337034344673157,0.999262273311615
258,13,0.5475232005119324,0.16971169412136078
258,6,0.5132052302360535,0.9404323101043701
258,14,0.4866175949573517,0.6417677998542786
258,7,0.5221355557441711,0.37016135454177856
258,8,0.4789852201938629,0.3491012752056122
258,9,0.5008505582809448,0.7043098211288452
258,10,0.4746294319629669,0.6246944665908813
258,11,0.48897314071655273,0.6153284907341003
258,12,0.47337034344673157,0.999262273311615
258,13,0.5475232005119324,0.16971169412136078
258,6,0.5132052302360535,0.9404323101043701
258,14,0.4866175949573517,0.6417677998542786
258,7,0.5221355557441711,0.37016135454177856
258,8,0.4789852201938629,0.3491012752056122
258,9,0.5008505582809448,0.7043098211288452
258,10,0.4746294319629669,0.6246944665908813
258,12,0.47337034344673157,0.999262273311615
258,11,0.48897314071655273,0.6153284907341003
258,13,0.5475232005119324,0.16971169412136078
258,6,0.5132052302360535,0.9404323101043701
258,14,0.4866175949573517,0.6417677998542786
258,7,0.5221355557441711,0.37016135454177856
258,9,0.5008505582809448,0.7043098211288452
258,8,0.4789852201938629,0.3491012752056122
258,12,0.47337034344673157,0.999262273311615
258,0,0.4890267252922058,0.0865730494260788
258,0,0.4890267252922058,0.0865730494260788
258,0,0.4890267252922058,0.0865730494260788
258,0,0.4890267252922058,0.0865730494260788
258,0,0.4890267252922058,0.0865730494260788
258,0,0.4890267252922058,0.0865730494260788
258,0,0.4890267252922058,0.0865730494260788
258,0,0.4890267252922058,0.0865730494260788
258,0,0.4890267252922058,0.0865730494260788
258,0,0.4890267252922058,0.0865730494260788
258,0,0.4890267252922058,0.0865730494260788
258,0,0.4890267252922058,0.0865730494260788
258,0,0.4890267252922058,0.0865730494260788
258,0,0.4890267252922058,0.0865730494260788
258,0,0.4890267252922058,0.0865730494260788
258,0,0.4890267252922058,0.0865730494260788
258,0,0.4890267252922058,0.0865730494260788
258,0,0.4890267252922058,0.0865730494260788
258,0,0.4890267252922058,0.0865730494260788
258,0,0.4890267252922058,0.0865730494260788
258,0,0.4890267252922058,0.0865730494260788
258,0,0.4890267252922058,0.0865730494260788
258,0,0.4890267252922058,0.0865730494260788
258,0,0.4890267252922058,0.0865730494260788
258,0,0.4890267252922058,0.0865730494260788
258,0,0.4890267252922058,0.0865730494260788
258,0,0.4890267252922058,0.0865730494260788
258,0,0.4890267252922058,0.0865730494260788
258,0,0.4890267252922058,0.0865730494260788
258,0,0.4890267252922058,0.0865730494260788
258,0,0.4890267252922058,0.0865730494260788
258,0,0.4890267252922058,0.0865730494260788
258,0,0.4890267252922058,0.0865730494260788
258,0,0.4890267252922058,0.0865730494260788
258,0,0.4890267252922058,0.0865730494260788
258,0,0.4890267252922058,0.0865730494260788
258,0,0.4890267252922058,0.0865730494260788
258,0,0.4890267252922058,0.0865730494260788
258,0,0.4890267252922058,0.0865730494260788
258,0,0.4890267252922058,0.0865730494260788
258,0,0.4890267252922058,0.0865730494260788
258,0,0.4890267252922058,0.0865730494260788
258,0,0.4890267252922058,0.0865730494260788
258,0,0.4890267252922058,0.0865730494260788
258,0,0.4890267252922058,0.0865730494260788
258,0,0.4890267252922058,0.0865730494260788
258,0,0.4890267252922058,0.0865730494260788
258,0,0.4890267252922058,0.0865730494260788
258,0,0.4890267252922058,0.0865730494260788
258,0,0.4890267252922058,0.0865730494260788
258,0,0.4890267252922058,0.0865730494260788
258,0,0.4890267252922058,0.0865730494260788
258,0,0.4890267252922058,0.0865730494260788
258,0,0.4890267252922058,0.0865730494260788
258,0,0.4890267252922058,0.0865730494260788
258,0,0.4890267252922058,0.0865730494260788
258,0,0.4890267252922058,0.0865730494260788
258,0,0.4890267252922058,0.0865730494260788
258,0,0.4890267252922058,0.0865730494260788
258,0,0.4890267252922058,0.0865730494260788
258,0,0.4890267252922058,0.0865730494260788
258,0,0.4890267252922058,0.0865730494260788
258,0,0.4890267252922058,0.0865730494260788
258,0,0.4890267252922058,0.0865730494260788
258,0,0.4890267252922058,0.0865730494260788
258,0,0.4890267252922058,0.0865730494260788
258,0,0.4890267252922058,0.0865730494260788
258,0,0.4890267252922058,0.0865730494260788
258,0,0.4890267252922058,0.0865730494260788
258,0,0.4890267252922058,0.0865730494260788
258,0,0.4890267252922058,0.0865730494260788
258,0,0.4890267252922058,0.0865730494260788
258,0,0.4890267252922058,0.0865730494260788
258,0,0.4890267252922058,0.0865730494260788
258,0,0.4890267252922058,0.0865730494260788
258,0,0.4890267252922058,0.0865730494260788
258,0,0.4890267252922058,0.0865730494260788
258,0,0.4890267252922058,0.0865730494260788
258,0,0.4890267252922058,0.0865730494260788
258,0,0.4890267252922058,0.0865730494260788
258,0,0.4890267252922058,0.0865730494260788
258,0,0.4890267252922058,0.0865730494260788
258,0,0.4890267252922058,0.0865730494260788
258,0,0.4890267252922058,0.0865730494260788
258,0,0.4890267252922058,0.0865730494260788
258,0,0.4890267252922058,0.0865730494260788
258,0,0.4890267252922058,0.0865730494260788
258,0,0.4890267252922058,0.0865730494260788
258,0,0.4890267252922058,0.0865730494260788
258,0,0.4890267252922058,0.0865730494260788
258,0,0.4890267252922058,0.0865730494260788
258,0,0.4890267252922058,0.0865730494260788
258,0,0.4890267252922058,0.0865730494260788
258,0,0.4890267252922058,0.0865730494260788
258,0,0.4890267252922058,0.0865730494260788
258,0,0.4890267252922058,0.0865730494260788
258,0,0.4890267252922058,0.0865730494260788
258,0,0.4890267252922058,0.0865730494260788
258,0,0.4890267252922058,0.0865730494260788
258,0,0.4890267252922058,0.0865730494260788
258,0,0.4890267252922058,0.0865730494260788
258,0,0.4890267252922058,0.0865730494260788
258,0,0.4890267252922058,0.0865730494260788
258,0,0.4890267252922058,0.0865730494260788
258,0,0.4890267252922058,0.0865730494260788
258,0,0.4890267252922058,0.0865730494260788
258,0,0.4890267252922058,0.0865730494260788
258,0,0.4890267252922058,0.0865730494260788
258,0,0.4890267252922058,0.0865730494260788
258,0,0.4890267252922058,0.0865730494260788
258,0,0.4890267252922058,0.0865730494260788
258,0,0.4890267252922058,0.0865730494260788
258,0,0.4890267252922058,0.0865730494260788
761,0,0.48779961466789246,0.0865730494260788
761,2,0.4979804456233978,0.4455474615097046
761,1,0.5342056155204773,0.10744237899780273
761,4,0.5093278288841248,0.6352908611297607
761,3,0.4895155131816864,0.7426278591156006
761,5,0.4792081117630005,0.3134657144546509
761,6,0.5119759440422058,0.9404323101043701
761,6,0.5119759440422058,0.9404323101043701
761,0,0.48779961466789246,0.0865730494260788
761,2,0.4979804456233978,0.4455474615097046
761,1,0.5342056155204773,0.10744237899780273
761,3,0.4895155131816864,0.7426278591156006
761,4,0.5093278288841248,0.6352908611297607
761,5,0.4792081117630005,0.3134657144546509
761,6,0.5119759440422058,0.9404323101043701
761,6,0.5119759440422058,0.9404323101043701
761,0,0.48779961466789246,0.0865730494260788
761,2,0.4979804456233978,0.4455474615097046
761,1,0.5342056155204773,0.10744237899780273
761,3,0.4895155131816864,0.7426278591156006
761,4,0.5093278288841248,0.6352908611297607
761,5,0.4792081117630005,0.3134657144546509
761,6,0.5119759440422058,0.9404323101043701
761,6,0.5119759440422058,0.9404323101043701
761,0,0.48779961466789246,0.0865730494260788
761,2,0.4979804456233978,0.4455474615097046
761,1,0.5342056155204773,0.10744237899780273
761,4,0.5093278288841248,0.6352908611297607
761,3,0.4895155131816864,0.7426278591156006
761,5,0.4792081117630005,0.3134657144546509
761,6,0.5119759440422058,0.9404323101043701
761,6,0.5119759440422058,0.9404323101043701
761,0,0.48779961466789246,0.0865730494260788
761,2,0.4979804456233978,0.4455474615097046
761,1,0.5342056155204773,0.10744237899780273
761,3,0.4895155131816864,0.7426278591156006
761,4,0.5093278288841248,0.6352908611297607
761,5,0.4792081117630005,0.3134657144546509
761,6,0.5119759440422058,0.9404323101043701
761,6,0.5119759440422058,0.9404323101043701
761,0,0.48779961466789246,0.0865730494260788
761,2,0.4979804456233978,0.4455474615097046
761,1,0.5342056155204773,0.10744237899780273
761,3,0.4895155131816864,0.7426278591156006
761,5,0.4792081117630005,0.3134657144546509
761,4,0.5093278288841248,0.6352908611297607
761,6,0.5119759440422058,0.9404323101043701
761,6,0.5119759440422058,0.9404323101043701
761,0,0.48779961466789246,0.0865730494260788
761,1,0.5342056155204773,0.10744237899780273
761,2,0.4979804456233978,0.4455474615097046
761,4,0.5093278288841248,0.6352908611297607
761,3,0.4895155131816864,0.7426278591156006
761,5,0.4792081117630005,0.3134657144546509
761,6,0.5119759440422058,0.9404323101043701
761,6,0.5119759440422058,0.9404323101043701
761,0,0.48779961466789246,0.0865730494260788
761,2,0.4979804456233978,0.4455474615097046
761,1,0.5342056155204773,0.10744237899780273
761,4,0.5093278288841248,0.6352908611297607
761,3,0.4895155131816864,0.7426278591156006
761,5,0.4792081117630005,0.3134657144546509
761,6,0.5119759440422058,0.9404323101043701
761,6,0.5119759440422058,0.9404323101043701
761,0,0.48779961466789246,0.0865730494260788
761,1,0.5342056155204773,0.10744237899780273
761,2,0.4979804456233978,0.4455474615097046
761,4,0.5093278288841248,0.6352908611297607
761,3,0.4895155131816864,0.7426278591156006
761,5,0.4792081117630005,0.3134657144546509
761,6,0.5119759440422058,0.9404323101043701
761,6,0.5119759440422058,0.9404323101043701
761,0,0.48779961466789246,0.0865730494260788
761,2,0.4979804456233978,0.4455474615097046
761,1,0.5342056155204773,0.10744237899780273
761,4,0.5093278288841248,0.6352908611297607
761,3,0.4895155131816864,0.7426278591156006
761,5,0.4792081117630005,0.3134657144546509
761,6,0.5119759440422058,0.9404323101043701
761,6,0.5119759440422058,0.9404323101043701
761,0,0.48779961466789246,0.0865730494260788
761,1,0.5342056155204773,0.10744237899780273
761,2,0.4979804456233978,0.4455474615097046
761,3,0.4895155131816864,0.7426278591156006
761,4,0.5093278288841248,0.6352908611297607
761,5,0.4792081117630005,0.3134657144546509
761,6,0.5119759440422058,0.9404323101043701
761,6,0.5119759440422058,0.9404323101043701
761,0,0.48779961466789246,0.0865730494260788
761,1,0.5342056155204773,0.10744237899780273
761,2,0.4979804456233978,0.4455474615097046
761,3,0.4895155131816864,0.7426278591156006
761,4,0.5093278288841248,0.6352908611297607
761,5,0.4792081117630005,0.3134657144546509
761,6,0.5119759440422058,0.9404323101043701
761,6,0.5119759440422058,0.9404323101043701
761,0,0.48779961466789246,0.0865730494260788
761,1,0.5342056155204773,0.10744237899780273
761,2,0.4979804456233978,0.4455474615097046
761,4,0.5093278288841248,0.6352908611297607
761,3,0.4895155131816864,0.7426278591156006
761,5,0.4792081117630005,0.3134657144546509
761,6,0.5119759440422058,0.9404323101043701
761,6,0.5119759440422058,0.9404323101043701
761,0,0.48779961466789246,0.0865730494260788
761,1,0.5342056155204773,0.10744237899780273
761,2,0.4979804456233978,0.4455474615097046
761,3,0.4895155131816864,0.7426278591156006
761,4,0.5093278288841248,0.6352908611297607
761,5,0.4792081117630005,0.3134657144546509
761,6,0.5119759440422058,0.9404323101043701
761,6,0.5119759440422058,0.9404323101043701
761,0,0.48779961466789246,0.0865730494260788
761,1,0.5342056155204773,0.10744237899780273
761,2,0.4979804456233978,0.4455474615097046
761,3,0.4895155131816864,0.7426278591156006
761,4,0.5093278288841248,0.6352908611297607
761,5,0.4792081117630005,0.3134657144546509
761,6,0.5119759440422058,0.9404323101043701
761,6,0.5119759440422058,0.9404323101043701
761,0,0.48779961466789246,0.0865730494260788
761,0,0.48779961466789246,0.0865730494260788
761,0,0.48779961466789246,0.0865730494260788
761,0,0.48779961466789246,0.0865730494260788
761,0,0.48779961466789246,0.0865730494260788
761,0,0.48779961466789246,0.0865730494260788
761,0,0.48779961466789246,0.0865730494260788
761,0,0.48779961466789246,0.0865730494260788
761,0,0.48779961466789246,0.0865730494260788
761,0,0.48779961466789246,0.0865730494260788
761,0,0.48779961466789246,0.0865730494260788
761,0,0.48779961466789246,0.0865730494260788
761,0,0.48779961466789246,0.0865730494260788
761,0,0.48779961466789246,0.0865730494260788
761,0,0.48779961466789246,0.0865730494260788
761,0,0.48779961466789246,0.0865730494260788
761,0,0.48779961466789246,0.0865730494260788
761,0,0.48779961466789246,0.0865730494260788
761,0,0.48779961466789246,0.0865730494260788
761,0,0.48779961466789246,0.0865730494260788
761,0,0.48779961466789246,0.0865730494260788
761,0,0.48779961466789246,0.0865730494260788
761,0,0.48779961466789246,0.0865730494260788
761,0,0.48779961466789246,0.0865730494260788
761,0,0.48779961466789246,0.0865730494260788
761,0,0.48779961466789246,0.0865730494260788
761,0,0.48779961466789246,0.0865730494260788
761,0,0.48779961466789246,0.0865730494260788
761,0,0.48779961466789246,0.0865730494260788
761,0,0.48779961466789246,0.0865730494260788
761,0,0.48779961466789246,0.0865730494260788
761,0,0.48779961466789246,0.0865730494260788
761,0,0.48779961466789246,0.0865730494260788
761,0,0.48779961466789246,0.0865730494260788
761,0,0.48779961466789246,0.0865730494260788
761,0,0.48779961466789246,0.0865730494260788
761,0,0.48779961466789246,0.0865730494260788
761,0,0.48779961466789246,0.0865730494260788
761,0,0.48779961466789246,0.0865730494260788
761,0,0.48779961466789246,0.0865730494260788
761,0,0.48779961466789246,0.0865730494260788
761,0,0.48779961466789246,0.0865730494260788
761,0,0.48779961466789246,0.0865730494260788
761,0,0.48779961466789246,0.0865730494260788
761,0,0.48779961466789246,0.0865730494260788
761,0,0.48779961466789246,0.0865730494260788
761,0,0.48779961466789246,0.0865730494260788
761,0,0.48779961466789246,0.0865730494260788
761,0,0.48779961466789246,0.0865730494260788
761,0,0.48779961466789246,0.0865730494260788
761,0,0.48779961466789246,0.0865730494260788
761,0,0.48779961466789246,0.0865730494260788
761,0,0.48779961466789246,0.0865730494260788
761,0,0.48779961466789246,0.0865730494260788
761,0,0.48779961466789246,0.0865730494260788
761,0,0.48779961466789246,0.0865730494260788
761,0,0.48779961466789246,0.0865730494260788
761,0,0.48779961466789246,0.0865730494260788
761,0,0.48779961466789246,0.0865730494260788
761,0,0.48779961466789246,0.0865730494260788
761,0,0.48779961466789246,0.0865730494260788
761,0,0.48779961466789246,0.0865730494260788
761,0,0.48779961466789246,0.0865730494260788
761,0,0.48779961466789246,0.0865730494260788
761,0,0.48779961466789246,0.0865730494260788
761,0,0.48779961466789246,0.0865730494260788
761,0,0.48779961466789246,0.0865730494260788
761,0,0.48779961466789246,0.0865730494260788
761,0,0.48779961466789246,0.0865730494260788
761,0,0.48779961466789246,0.0865730494260788
761,0,0.48779961466789246,0.0865730494260788
761,0,0.48779961466789246,0.0865730494260788
761,0,0.48779961466789246,0.0865730494260788
761,0,0.48779961466789246,0.0865730494260788
761,0,0.48779961466789246,0.0865730494260788
761,0,0.48779961466789246,0.0865730494260788
761,0,0.48779961466789246,0.0865730494260788
761,0,0.48779961466789246,0.0865730494260788
761,0,0.48779961466789246,0.0865730494260788
761,0,0.48779961466789246,0.0865730494260788
1035,20,0.49298134446144104,0.31008180975914
1035,20,0.49298134446144104,0.31008180975914
1035,21,0.47874128818511963,0.8500030040740967
1035,21,0.47874128818511963,0.8500030040740967
1035,21,0.47874128818511963,0.8500030040740967
1035,21,0.47874128818511963,0.8500030040740967
1035,21,0.47874128818511963,0.8500030040740967
1035,21,0.47874128818511963,0.8500030040740967
1035,21,0.47874128818511963,0.8500030040740967
1035,21,0.47874128818511963,0.8500030040740967
1035,21,0.47874128818511963,0.8500030040740967
1035,21,0.47874128818511963,0.8500030040740967
1035,21,0.47874128818511963,0.8500030040740967
1035,21,0.47874128818511963,0.8500030040740967
1035,21,0.47874128818511963,0.8500030040740967
1035,22,0.4877035319805145,0.6901274919509888
1035,22,0.4877035319805145,0.6901274919509888
1035,22,0.4877035319805145,0.6901274919509888
1035,22,0.4877035319805145,0.6901274919509888
1035,22,0.4877035319805145,0.6901274919509888
1035,22,0.4877035319805145,0.6901274919509888
1035,22,0.4877035319805145,0.6901274919509888
1035,22,0.4877035319805145,0.6901274919509888
1035,22,0.4877035319805145,0.6901274919509888
1035,22,0.4877035319805145,0.6901274919509888
1035,22,0.4877035319805145,0.6901274919509888
1035,22,0.4877035319805145,0.6901274919509888
1035,22,0.4877035319805145,0.6901274919509888
1035,25,0.4904703199863434,0.9134065508842468
1035,20,0.49298134446144104,0.31008180975914
1035,21,0.47874128818511963,0.8500030040740967
1035,21,0.47874128818511963,0.8500030040740967
1035,21,0.47874128818511963,0.8500030040740967
1035,21,0.47874128818511963,0.8500030040740967
1035,21,0.47874128818511963,0.8500030040740967
1035,21,0.47874128818511963,0.8500030040740967
1035,21,0.47874128818511963,0.8500030040740967
1035,21,0.47874128818511963,0.8500030040740967
1035,21,0.47874128818511963,0.8500030040740967
1035,21,0.47874128818511963,0.8500030040740967
1035,21,0.47874128818511963,0.8500030040740967
1035,21,0.47874128818511963,0.8500030040740967
1035,21,0.47874128818511963,0.8500030040740967
1035,21,0.47874128818511963,0.8500030040740967
1035,22,0.4877035319805145,0.6901274919509888
1035,22,0.4877035319805145,0.6901274919509888
1035,22,0.4877035319805145,0.6901274919509888
1035,22,0.4877035319805145,0.6901274919509888
1035,22,0.4877035319805145,0.6901274919509888
1035,22,0.4877035319805145,0.6901274919509888
1035,22,0.4877035319805145,0.6901274919509888
1035,22,0.4877035319805145,0.6901274919509888
1035,22,0.4877035319805145,0.6901274919509888
1035,22,0.4877035319805145,0.6901274919509888
1035,22,0.4877035319805145,0.6901274919509888
1035,22,0.4877035319805145,0.6901274919509888
1035,22,0.4877035319805145,0.6901274919509888
1035,22,0.4877035319805145,0.6901274919509888
1035,24,0.5107030272483826,0.773628294467926
1035,20,0.49298134446144104,0.31008180975914
1035,21,0.47874128818511963,0.8500030040740967
1035,21,0.47874128818511963,0.8500030040740967
1035,21,0.47874128818511963,0.8500030040740967
1035,21,0.47874128818511963,0.8500030040740967
1035,21,0.47874128818511963,0.8500030040740967
1035,21,0.47874128818511963,0.8500030040740967
1035,21,0.47874128818511963,0.8500030040740967
1035,22,0.4877035319805145,0.6901274919509888
1035,0,0.4891528785228729,0.0865730494260788
1035,0,0.4891528785228729,0.0865730494260788
1035,0,0.4891528785228729,0.0865730494260788
1035,0,0.4891528785228729,0.0865730494260788
1035,0,0.4891528785228729,0.0865730494260788
1035,0,0.4891528785228729,0.0865730494260788
1035,0,0.4891528785228729,0.0865730494260788
1035,0,0.4891528785228729,0.0865730494260788
1035,0,0.4891528785228729,0.0865730494260788
1035,0,0.4891528785228729,0.0865730494260788
1035,0,0.4891528785228729,0.0865730494260788
1035,0,0.4891528785228729,0.0865730494260788
1035,0,0.4891528785228729,0.0865730494260788
1035,0,0.4891528785228729,0.0865730494260788
1035,0,0.4891528785228729,0.0865730494260788
1035,0,0.4891528785228729,0.0865730494260788
1035,0,0.4891528785228729,0.0865730494260788
1035,0,0.4891528785228729,0.0865730494260788
1035,0,0.4891528785228729,0.0865730494260788
1035,0,0.4891528785228729,0.0865730494260788
1035,0,0.4891528785228729,0.0865730494260788
1035,0,0.4891528785228729,0.0865730494260788
1035,0,0.4891528785228729,0.0865730494260788
1035,0,0.4891528785228729,0.0865730494260788
1035,0,0.4891528785228729,0.0865730494260788
1035,0,0.4891528785228729,0.0865730494260788
1035,0,0.4891528785228729,0.0865730494260788
1035,0,0.4891528785228729,0.0865730494260788
1035,0,0.4891528785228729,0.0865730494260788
1035,0,0.4891528785228729,0.0865730494260788
1035,0,0.4891528785228729,0.0865730494260788
1035,0,0.4891528785228729,0.0865730494260788
1035,0,0.4891528785228729,0.0865730494260788
1035,0,0.4891528785228729,0.0865730494260788
1035,0,0.4891528785228729,0.0865730494260788
1035,0,0.4891528785228729,0.0865730494260788
1035,0,0.4891528785228729,0.0865730494260788
1035,0,0.4891528785228729,0.0865730494260788
1035,0,0.4891528785228729,0.0865730494260788
1035,0,0.4891528785228729,0.0865730494260788
1035,0,0.4891528785228729,0.0865730494260788
1035,0,0.4891528785228729,0.0865730494260788
1035,0,0.4891528785228729,0.0865730494260788
1035,0,0.4891528785228729,0.0865730494260788
1035,0,0.4891528785228729,0.0865730494260788
1035,0,0.4891528785228729,0.0865730494260788
1035,0,0.4891528785228729,0.0865730494260788
1035,0,0.4891528785228729,0.0865730494260788
1035,0,0.4891528785228729,0.0865730494260788
1035,0,0.4891528785228729,0.0865730494260788
1035,0,0.4891528785228729,0.0865730494260788
1035,0,0.4891528785228729,0.0865730494260788
1035,0,0.4891528785228729,0.0865730494260788
1035,0,0.4891528785228729,0.0865730494260788
1035,0,0.4891528785228729,0.0865730494260788
1035,0,0.4891528785228729,0.0865730494260788
1035,0,0.4891528785228729,0.0865730494260788
1035,0,0.4891528785228729,0.0865730494260788
1035,0,0.4891528785228729,0.0865730494260788
1035,0,0.4891528785228729,0.0865730494260788
1035,0,0.4891528785228729,0.0865730494260788
1035,0,0.4891528785228729,0.0865730494260788
1035,0,0.4891528785228729,0.0865730494260788
1035,0,0.4891528785228729,0.0865730494260788
1035,0,0.4891528785228729,0.0865730494260788
1035,0,0.4891528785228729,0.0865730494260788
1035,0,0.4891528785228729,0.0865730494260788
1035,0,0.4891528785228729,0.0865730494260788
1035,0,0.4891528785228729,0.0865730494260788
1035,0,0.4891528785228729,0.0865730494260788
1035,0,0.4891528785228729,0.0865730494260788
1035,0,0.4891528785228729,0.0865730494260788
1035,0,0.4891528785228729,0.0865730494260788
1035,0,0.4891528785228729,0.0865730494260788
1035,0,0.4891528785228729,0.0865730494260788
1035,0,0.4891528785228729,0.0865730494260788
1035,0,0.4891528785228729,0.0865730494260788
1035,0,0.4891528785228729,0.0865730494260788
1035,0,0.4891528785228729,0.0865730494260788
1035,0,0.4891528785228729,0.0865730494260788
1035,0,0.4891528785228729,0.0865730494260788
1035,0,0.4891528785228729,0.0865730494260788
1035,0,0.4891528785228729,0.0865730494260788
1035,0,0.4891528785228729,0.0865730494260788
1035,0,0.4891528785228729,0.0865730494260788
1035,0,0.4891528785228729,0.0865730494260788
1035,0,0.4891528785228729,0.0865730494260788
1035,0,0.4891528785228729,0.0865730494260788
1035,0,0.4891528785228729,0.0865730494260788
1035,0,0.4891528785228729,0.0865730494260788
1035,0,0.4891528785228729,0.0865730494260788
1035,0,0.4891528785228729,0.0865730494260788
1035,0,0.4891528785228729,0.0865730494260788
1035,0,0.4891528785228729,0.0865730494260788
1035,0,0.4891528785228729,0.0865730494260788
1035,0,0.4891528785228729,0.0865730494260788
1035,0,0.4891528785228729,0.0865730494260788
1035,0,0.4891528785228729,0.0865730494260788
1035,0,0.4891528785228729,0.0865730494260788
1035,0,0.4891528785228729,0.0865730494260788
1035,0,0.4891528785228729,0.0865730494260788
1035,0,0.4891528785228729,0.0865730494260788
1035,0,0.4891528785228729,0.0865730494260788
1035,0,0.4891528785228729,0.0865730494260788
1035,0,0.4891528785228729,0.0865730494260788
1035,0,0.4891528785228729,0.0865730494260788
1035,0,0.4891528785228729,0.0865730494260788
1035,0,0.4891528785228729,0.0865730494260788
1035,0,0.4891528785228729,0.0865730494260788
1035,0,0.4891528785228729,0.0865730494260788
1035,0,0.4891528785228729,0.0865730494260788
1035,0,0.4891528785228729,0.0865730494260788
1035,0,0.4891528785228729,0.0865730494260788
1035,0,0.4891528785228729,0.0865730494260788
1035,0,0.4891528785228729,0.0865730494260788
1035,0,0.4891528785228729,0.0865730494260788
1035,0,0.4891528785228729,0.0865730494260788
1035,0,0.4891528785228729,0.0865730494260788
1035,0,0.4891528785228729,0.0865730494260788
1035,0,0.4891528785228729,0.0865730494260788
1035,0,0.4891528785228729,0.0865730494260788
1035,0,0.4891528785228729,0.0865730494260788
1035,0,0.4891528785228729,0.0865730494260788
1035,0,0.4891528785228729,0.0865730494260788
1035,0,0.4891528785228729,0.0865730494260788
1035,0,0.4891528785228729,0.0865730494260788
1035,0,0.4891528785228729,0.0865730494260788
1035,0,0.4891528785228729,0.0865730494260788
1035,0,0.4891528785228729,0.0865730494260788
1035,0,0.4891528785228729,0.0865730494260788
1035,0,0.4891528785228729,0.0865730494260788
1035,0,0.4891528785228729,0.0865730494260788
455,51,0.5268658399581909,7.549044261879675e-14
455,61,0.498232901096344,0.8525338768959045
455,62,0.5258054137229919,0.724043607711792
455,63,0.4921082854270935,0.9796726703643799
455,64,0.495594322681427,1.245839681418559e-10
455,65,0.5176995396614075,0.3389369547367096
455,66,0.494683176279068,0.8089980483055115
455,67,0.5020436644554138,0.9306800961494446
455,51,0.5268658399581909,7.549044261879675e-14
455,61,0.498232901096344,0.8525338768959045
455,62,0.5258054137229919,0.724043607711792
455,63,0.4921082854270935,0.9796726703643799
455,64,0.495594322681427,1.245839681418559e-10
455,65,0.5176995396614075,0.3389369547367096
455,66,0.494683176279068,0.8089980483055115
455,67,0.5020436644554138,0.9306800961494446
455,51,0.5268658399581909,7.549044261879675e-14
455,61,0.498232901096344,0.8525338768959045
455,62,0.5258054137229919,0.724043607711792
455,63,0.4921082854270935,0.9796726703643799
455,64,0.495594322681427,1.245839681418559e-10
455,65,0.5176995396614075,0.3389369547367096
455,66,0.494683176279068,0.8089980483055115
455,67,0.5020436644554138,0.9306800961494446
455,51,0.5268658399581909,7.549044261879675e-14
455,61,0.498232901096344,0.8525338768959045
455,62,0.5258054137229919,0.724043607711792
455,63,0.4921082854270935,0.9796726703643799
455,64,0.495594322681427,1.245839681418559e-10
455,65,0.5176995396614075,0.3389369547367096
455,66,0.494683176279068,0.8089980483055115
455,67,0.5020436644554138,0.9306800961494446
455,51,0.5268658399581909,7.549044261879675e-14
455,61,0.498232901096344,0.8525338768959045
455,62,0.5258054137229919,0.724043607711792
455,63,0.4921082854270935,0.9796726703643799
455,64,0.495594322681427,1.245839681418559e-10
455,65,0.5176995396614075,0.3389369547367096
455,66,0.494683176279068,0.8089980483055115
455,67,0.5020436644554138,0.9306800961494446
455,51,0.5268658399581909,7.549044261879675e-14
455,61,0.498232901096344,0.8525338768959045
455,62,0.5258054137229919,0.724043607711792
455,63,0.4921082854270935,0.9796726703643799
455,64,0.495594322681427,1.245839681418559e-10
455,65,0.5176995396614075,0.3389369547367096
455,66,0.494683176279068,0.8089980483055115
455,67,0.5020436644554138,0.9306800961494446
455,51,0.5268658399581909,7.549044261879675e-14
455,61,0.498232901096344,0.8525338768959045
455,62,0.5258054137229919,0.724043607711792
455,63,0.4921082854270935,0.9796726703643799
455,64,0.495594322681427,1.245839681418559e-10
455,65,0.5176995396614075,0.3389369547367096
455,66,0.494683176279068,0.8089980483055115
455,67,0.5020436644554138,0.9306800961494446
455,51,0.5268658399581909,7.549044261879675e-14
455,61,0.498232901096344,0.8525338768959045
455,62,0.5258054137229919,0.724043607711792
455,63,0.4921082854270935,0.9796726703643799
455,0,0.4891812801361084,0.0865730494260788
455,0,0.4891812801361084,0.0865730494260788
455,0,0.4891812801361084,0.0865730494260788
455,0,0.4891812801361084,0.0865730494260788
455,0,0.4891812801361084,0.0865730494260788
455,0,0.4891812801361084,0.0865730494260788
455,0,0.4891812801361084,0.0865730494260788
455,0,0.4891812801361084,0.0865730494260788
455,0,0.4891812801361084,0.0865730494260788
455,0,0.4891812801361084,0.0865730494260788
455,0,0.4891812801361084,0.0865730494260788
455,0,0.4891812801361084,0.0865730494260788
455,0,0.4891812801361084,0.0865730494260788
455,0,0.4891812801361084,0.0865730494260788
455,0,0.4891812801361084,0.0865730494260788
455,0,0.4891812801361084,0.0865730494260788
455,0,0.4891812801361084,0.0865730494260788
455,0,0.4891812801361084,0.0865730494260788
455,0,0.4891812801361084,0.0865730494260788
455,0,0.4891812801361084,0.0865730494260788
455,0,0.4891812801361084,0.0865730494260788
455,0,0.4891812801361084,0.0865730494260788
455,0,0.4891812801361084,0.0865730494260788
455,0,0.4891812801361084,0.0865730494260788
455,0,0.4891812801361084,0.0865730494260788
455,0,0.4891812801361084,0.0865730494260788
455,0,0.4891812801361084,0.0865730494260788
455,0,0.4891812801361084,0.0865730494260788
455,0,0.4891812801361084,0.0865730494260788
455,0,0.4891812801361084,0.0865730494260788
455,0,0.4891812801361084,0.0865730494260788
455,0,0.4891812801361084,0.0865730494260788
455,0,0.4891812801361084,0.0865730494260788
455,0,0.4891812801361084,0.0865730494260788
455,0,0.4891812801361084,0.0865730494260788
455,0,0.4891812801361084,0.0865730494260788
455,0,0.4891812801361084,0.0865730494260788
455,0,0.4891812801361084,0.0865730494260788
455,0,0.4891812801361084,0.0865730494260788
455,0,0.4891812801361084,0.0865730494260788
455,0,0.4891812801361084,0.0865730494260788
455,0,0.4891812801361084,0.0865730494260788
455,0,0.4891812801361084,0.0865730494260788
455,0,0.4891812801361084,0.0865730494260788
455,0,0.4891812801361084,0.0865730494260788
455,0,0.4891812801361084,0.0865730494260788
455,0,0.4891812801361084,0.0865730494260788
455,0,0.4891812801361084,0.0865730494260788
455,0,0.4891812801361084,0.0865730494260788
455,0,0.4891812801361084,0.0865730494260788
455,0,0.4891812801361084,0.0865730494260788
455,0,0.4891812801361084,0.0865730494260788
455,0,0.4891812801361084,0.0865730494260788
455,0,0.4891812801361084,0.0865730494260788
455,0,0.4891812801361084,0.0865730494260788
455,0,0.4891812801361084,0.0865730494260788
455,0,0.4891812801361084,0.0865730494260788
455,0,0.4891812801361084,0.0865730494260788
455,0,0.4891812801361084,0.0865730494260788
455,0,0.4891812801361084,0.0865730494260788
455,0,0.4891812801361084,0.0865730494260788
455,0,0.4891812801361084,0.0865730494260788
455,0,0.4891812801361084,0.0865730494260788
455,0,0.4891812801361084,0.0865730494260788
455,0,0.4891812801361084,0.0865730494260788
455,0,0.4891812801361084,0.0865730494260788
455,0,0.4891812801361084,0.0865730494260788
455,0,0.4891812801361084,0.0865730494260788
455,0,0.4891812801361084,0.0865730494260788
455,0,0.4891812801361084,0.0865730494260788
455,0,0.4891812801361084,0.0865730494260788
455,0,0.4891812801361084,0.0865730494260788
455,0,0.4891812801361084,0.0865730494260788
455,0,0.4891812801361084,0.0865730494260788
455,0,0.4891812801361084,0.0865730494260788
455,0,0.4891812801361084,0.0865730494260788
455,0,0.4891812801361084,0.0865730494260788
455,0,0.4891812801361084,0.0865730494260788
455,0,0.4891812801361084,0.0865730494260788
455,0,0.4891812801361084,0.0865730494260788
455,0,0.4891812801361084,0.0865730494260788
455,0,0.4891812801361084,0.0865730494260788
455,0,0.4891812801361084,0.0865730494260788
455,0,0.4891812801361084,0.0865730494260788
455,0,0.4891812801361084,0.0865730494260788
455,0,0.4891812801361084,0.0865730494260788
455,0,0.4891812801361084,0.0865730494260788
455,0,0.4891812801361084,0.0865730494260788
455,0,0.4891812801361084,0.0865730494260788
455,0,0.4891812801361084,0.0865730494260788
455,0,0.4891812801361084,0.0865730494260788
455,0,0.4891812801361084,0.0865730494260788
455,0,0.4891812801361084,0.0865730494260788
455,0,0.4891812801361084,0.0865730494260788
455,0,0.4891812801361084,0.0865730494260788
455,0,0.4891812801361084,0.0865730494260788
455,0,0.4891812801361084,0.0865730494260788
455,0,0.4891812801361084,0.0865730494260788
455,0,0.4891812801361084,0.0865730494260788
455,0,0.4891812801361084,0.0865730494260788
455,0,0.4891812801361084,0.0865730494260788
455,0,0.4891812801361084,0.0865730494260788
455,0,0.4891812801361084,0.0865730494260788
455,0,0.4891812801361084,0.0865730494260788
455,0,0.4891812801361084,0.0865730494260788
455,0,0.4891812801361084,0.0865730494260788
455,0,0.4891812801361084,0.0865730494260788
455,0,0.4891812801361084,0.0865730494260788
455,0,0.4891812801361084,0.0865730494260788
455,0,0.4891812801361084,0.0865730494260788
455,0,0.4891812801361084,0.0865730494260788
455,0,0.4891812801361084,0.0865730494260788
455,0,0.4891812801361084,0.0865730494260788
455,0,0.4891812801361084,0.0865730494260788
455,0,0.4891812801361084,0.0865730494260788
455,0,0.4891812801361084,0.0865730494260788
455,0,0.4891812801361084,0.0865730494260788
455,0,0.4891812801361084,0.0865730494260788
455,0,0.4891812801361084,0.0865730494260788
455,0,0.4891812801361084,0.0865730494260788
455,0,0.4891812801361084,0.0865730494260788
455,0,0.4891812801361084,0.0865730494260788
455,0,0.4891812801361084,0.0865730494260788
455,0,0.4891812801361084,0.0865730494260788
455,0,0.4891812801361084,0.0865730494260788
455,0,0.4891812801361084,0.0865730494260788
455,0,0.4891812801361084,0.0865730494260788
455,0,0.4891812801361084,0.0865730494260788
455,0,0.4891812801361084,0.0865730494260788
455,0,0.4891812801361084,0.0865730494260788
455,0,0.4891812801361084,0.0865730494260788
455,0,0.4891812801361084,0.0865730494260788
455,0,0.4891812801361084,0.0865730494260788
455,0,0.4891812801361084,0.0865730494260788
455,0,0.4891812801361084,0.0865730494260788
455,0,0.4891812801361084,0.0865730494260788
455,0,0.4891812801361084,0.0865730494260788
455,0,0.4891812801361084,0.0865730494260788
455,0,0.4891812801361084,0.0865730494260788
455,0,0.4891812801361084,0.0865730494260788
