student_id,skill_id,y_true,p_idkt,y_idkt,p_bkt,y_bkt
743,0,1,0.6221613883972168,1,0.6939290165901184,1
743,2,0,0.5730653405189514,1,0.5744879841804504,1
743,1,0,0.44278401136398315,0,0.5324869751930237,1
743,3,1,0.7516162395477295,1,0.8932999968528748,1
743,4,1,0.6409292817115784,1,0.6945300102233887,1
743,5,1,0.813754677772522,1,0.7909770011901855,1
743,6,1,0.9296723008155823,1,0.9223989844322205,1
743,6,1,0.93311607837677,1,0.9310160279273987,1
743,0,1,0.7292188405990601,1,0.7538800239562988,1
743,2,1,0.4424811005592346,0,0.46952199935913086,0
743,1,0,0.5297967791557312,1,0.47409600019454956,0
743,4,1,0.7708881497383118,1,0.7610849738121033,1
743,3,1,0.9213317632675171,1,0.9256100058555603,1
743,5,1,0.8586646914482117,1,0.8355249762535095,1
743,6,0,0.9336570501327515,1,0.9380519986152649,1
743,6,1,0.8255626559257507,1,0.8605120182037354,1
743,0,1,0.644385576248169,1,0.8073019981384277,1
743,2,0,0.5142017006874084,1,0.551701009273529,1
743,1,0,0.4696248471736908,0,0.4383769929409027,0
743,3,1,0.8870746493339539,1,0.9450510144233704,1
743,4,1,0.7649604678153992,1,0.8051180243492126,1
743,5,1,0.8471577763557434,1,0.8585109710693359,1
743,6,1,0.9287182688713074,1,0.8763560056686401,1
743,6,1,0.9315287470817566,1,0.8910850286483765,1
743,0,0,0.7262157201766968,1,0.8482210040092468,1
743,2,1,0.40343019366264343,0,0.4578860104084015,0
743,1,0,0.4801378846168518,0,0.4201880097389221,0
743,3,1,0.8919994235038757,1,0.9561079740524292,1
743,4,1,0.777302622795105,1,0.830249011516571,1
743,5,1,0.8493663668632507,1,0.8694379925727844,1
743,6,1,0.9314936399459839,1,0.904308021068573,1
743,6,1,0.9315857291221619,1,0.9158120155334473,1
743,0,1,0.5712970495223999,1,0.6966170072555542,1
743,2,1,0.5198702812194824,1,0.5352010130882263,1
743,1,1,0.5026454925537109,1,0.4117870032787323,0
743,3,1,0.9201375842094421,1,0.9621959924697876,1
743,4,1,0.7964545488357544,1,0.843396008014679,1
743,5,1,0.8566649556159973,1,0.8744300007820129,1
743,6,1,0.9326362609863281,1,0.9255499839782715,1
743,6,0,0.932327151298523,1,0.9336040019989014,1
743,0,1,0.6572653651237488,1,0.7564719915390015,1
743,2,1,0.5144003629684448,1,0.6313729882240295,1
743,1,1,0.6140744090080261,1,0.4838449954986572,0
743,3,1,0.9211016297340393,1,0.9654889702796936,1
743,4,1,0.7972464561462402,1,0.8499630093574524,1
743,5,1,0.8563926219940186,1,0.8766689896583557,1
743,6,1,0.9225767254829407,1,0.850475013256073,1
743,6,1,0.9307440519332886,1,0.8667410016059875,1
743,0,1,0.7292065024375916,1,0.8094210028648376,1
743,2,1,0.5427662134170532,1,0.7181289792060852,1
743,1,1,0.6511983275413513,1,0.5711989998817444,1
743,3,1,0.9233286380767822,1,0.9672520160675049,1
743,4,1,0.802078127861023,1,0.8531659841537476,1
743,5,1,0.8595925569534302,1,0.8776649832725525,1
743,6,1,0.9327848553657532,1,0.8822110295295715,1
743,6,1,0.9325230121612549,1,0.8963940143585205,1
743,7,1,0.8048451542854309,1,0.7255330085754395,1
743,8,1,0.8734147548675537,1,0.8739780187606812,1
743,9,1,0.877841055393219,1,0.8021690249443054,1
743,12,1,0.8977315425872803,1,0.9291480183601379,1
743,10,1,0.7942261099815369,1,0.5817549824714661,1
743,11,1,0.8520990014076233,1,0.6359530091285706,1
743,13,1,0.8259488344192505,1,0.6097490191459656,1
743,6,1,0.9329301118850708,1,0.9089679718017578,1
743,14,1,0.8051574230194092,1,0.6390529870986938,1
743,7,1,0.820870578289032,1,0.7869089841842651,1
743,8,1,0.8782023191452026,1,0.8866220116615295,1
743,9,1,0.8834880590438843,1,0.8257089853286743,1
743,12,1,0.901006281375885,1,0.9554799795150757,1
743,10,1,0.7996039986610413,1,0.7268940210342407,1
743,11,1,0.8558215498924255,1,0.8118699789047241,1
743,13,1,0.8294305205345154,1,0.7168639898300171,1
743,6,1,0.9331935048103333,1,0.9197859764099121,1
743,14,1,0.8094754815101624,1,0.7612800002098083,1
743,7,1,0.8228562474250793,1,0.8356389999389648,1
743,9,1,0.8850467801094055,1,0.844232976436615,1
743,8,0,0.8759639859199524,1,0.8973919749259949,1
743,12,1,0.8807928562164307,1,0.9582819938659668,1
743,10,1,0.7833893299102783,1,0.8253639936447144,1
743,11,1,0.8504314422607422,1,0.877830982208252,1
743,13,1,0.8220396637916565,1,0.7883920073509216,1
743,6,1,0.9321059584617615,1,0.9288579821586609,1
743,14,1,0.8073906302452087,1,0.8259239792823792,1
743,7,1,0.8215353488922119,1,0.8692299723625183,1
743,8,1,0.8660576343536377,1,0.820559024810791,1
743,9,1,0.883869469165802,1,0.8580849766731262,1
743,12,1,0.9015544652938843,1,0.9585719704627991,1
743,10,1,0.8004322648048401,1,0.8724520206451416,1
743,11,1,0.8566097617149353,1,0.8957489728927612,1
743,13,1,0.829992413520813,1,0.8253329992294312,1
743,6,1,0.9331539273262024,1,0.9363020062446594,1
743,14,1,0.8109312653541565,1,0.8523780107498169,1
743,7,1,0.8236151337623596,1,0.890192985534668,1
743,8,1,0.8794319033622742,1,0.8374599814414978,1
743,9,1,0.8855599164962769,1,0.8680509924888611,1
743,12,1,0.902653694152832,1,0.9586009979248047,1
743,10,1,0.8024814128875732,1,0.8912129998207092,1
743,11,1,0.8577429056167603,1,0.900160014629364,1
743,13,1,0.8314260244369507,1,0.8419029712677002,1
743,6,1,0.9333671927452087,1,0.9423019886016846,1
743,14,1,0.8122647404670715,1,0.862047016620636,1
743,15,0,0.8715636134147644,1,0.6883059740066528,1
743,8,1,0.8662083148956299,1,0.8536930084228516,1
743,9,0,0.8815740346908569,1,0.8750249743461609,1
743,16,1,0.7326549887657166,1,0.4249100089073181,0
743,18,1,0.8180884122848511,1,0.924485981464386,1
743,17,0,0.8194946646690369,1,0.7783470153808594,1
743,19,1,0.7366138100624084,1,0.5172060132026672,1
743,6,1,0.9273107647895813,1,0.9470700025558472,1
743,6,1,0.9300718307495117,1,0.9508159756660461,1
743,15,1,0.8462669849395752,1,0.5198860168457031,1
743,8,1,0.8721187114715576,1,0.8686779737472534,1
743,9,0,0.8595401048660278,1,0.8417189717292786,1
743,18,1,0.8196501135826111,1,0.9289060235023499,1
743,16,1,0.7682681679725647,1,0.5450019836425781,1
743,17,1,0.8070696592330933,1,0.6404470205307007,1
743,19,1,0.7965701222419739,1,0.6836400032043457,1
743,6,1,0.9321896433830261,1,0.9537320137023926,1
743,6,1,0.9325399398803711,1,0.9559860229492188,1
743,15,1,0.8671754598617554,1,0.5619570016860962,1
743,9,1,0.8340679407119751,1,0.7650250196456909,1
743,8,1,0.8768688440322876,1,0.8820149898529053,1
743,17,1,0.8243892192840576,1,0.743028998374939,1
743,18,1,0.8358030915260315,1,0.9321050047874451,1
743,16,0,0.7770064473152161,1,0.6526269912719727,1
743,19,1,0.7700206637382507,1,0.7421820163726807,1
743,6,1,0.9301823973655701,1,0.9577199816703796,1
743,6,1,0.9314689040184021,1,0.9590470194816589,1
743,15,0,0.865688681602478,1,0.6240329742431641,1
743,9,1,0.8664042353630066,1,0.794160008430481,1
743,8,1,0.8676289319992065,1,0.8935040235519409,1
743,17,1,0.8174793124198914,1,0.818681001663208,1
743,16,0,0.7302671670913696,1,0.5515999794006348,1
743,18,1,0.8246675133705139,1,0.9344000220298767,1
743,19,1,0.7914711236953735,1,0.7565320134162903,1
743,6,1,0.931484043598175,1,0.9600600004196167,1
743,6,1,0.9319851398468018,1,0.9608319997787476,1
743,15,1,0.8495014905929565,1,0.4980100095272064,0
743,9,1,0.881576418876648,1,0.8191559910774231,1
743,8,1,0.8751255869865417,1,0.903124988079071,1
743,16,0,0.712608277797699,1,0.447147011756897,0
743,17,1,0.8178563117980957,1,0.8623260259628296,1
743,18,1,0.8333672285079956,1,0.9360380172729492,1
743,19,1,0.798723042011261,1,0.7597100138664246,1
743,6,1,0.9324272871017456,1,0.9614179730415344,1
743,6,0,0.932535707950592,1,0.9618629813194275,1
743,15,1,0.8540791273117065,1,0.0,0
743,0,0,0.7341476082801819,1,-0.0,0
743,0,0,0.5967910289764404,1,-0.0,0
743,0,0,0.5298553705215454,1,-0.0,0
743,0,0,0.5171293020248413,1,-0.0,0
743,0,0,0.5110140442848206,1,-0.0,0
743,0,0,0.5070267915725708,1,-0.0,0
743,0,0,0.504193127155304,1,-0.0,0
743,0,0,0.5020409822463989,1,-0.0,0
743,0,0,0.5002357959747314,1,-0.0,0
743,0,0,0.49867257475852966,0,-0.0,0
743,0,0,0.4972974359989166,0,-0.0,0
743,0,0,0.49607762694358826,0,-0.0,0
743,0,0,0.49501538276672363,0,-0.0,0
743,0,0,0.4940560758113861,0,-0.0,0
743,0,0,0.49317246675491333,0,-0.0,0
743,0,0,0.49234917759895325,0,-0.0,0
743,0,0,0.4915800392627716,0,-0.0,0
743,0,0,0.4908449649810791,0,-0.0,0
743,0,0,0.49015891551971436,0,-0.0,0
743,0,0,0.48950523138046265,0,-0.0,0
743,0,0,0.48887887597084045,0,-0.0,0
743,0,0,0.4882841110229492,0,-0.0,0
743,0,0,0.4877096116542816,0,-0.0,0
743,0,0,0.48715826869010925,0,-0.0,0
743,0,0,0.4866301417350769,0,-0.0,0
743,0,0,0.4861201047897339,0,-0.0,0
743,0,0,0.48564863204956055,0,-0.0,0
743,0,0,0.48519623279571533,0,-0.0,0
743,0,0,0.4847884774208069,0,-0.0,0
743,0,0,0.48439648747444153,0,-0.0,0
743,0,0,0.48401927947998047,0,-0.0,0
743,0,0,0.48364901542663574,0,-0.0,0
743,0,0,0.4832811653614044,0,-0.0,0
743,0,0,0.4829237163066864,0,-0.0,0
743,0,0,0.48257777094841003,0,-0.0,0
743,0,0,0.4822448194026947,0,-0.0,0
743,0,0,0.4819168448448181,0,-0.0,0
743,0,0,0.4815768301486969,0,-0.0,0
743,0,0,0.48124873638153076,0,-0.0,0
743,0,0,0.4809296131134033,0,-0.0,0
743,0,0,0.480622261762619,0,-0.0,0
743,0,0,0.4803239405155182,0,-0.0,0
743,0,0,0.4800405204296112,0,-0.0,0
743,0,0,0.47977012395858765,0,-0.0,0
743,0,0,0.47950366139411926,0,-0.0,0
743,0,0,0.47924715280532837,0,-0.0,0
743,0,0,0.47899433970451355,0,-0.0,0
743,0,0,0.4787473976612091,0,-0.0,0
743,0,0,0.4785064160823822,0,-0.0,0
743,0,0,0.47827091813087463,0,-0.0,0
743,0,0,0.47804105281829834,0,-0.0,0
743,0,0,0.4778165817260742,0,-0.0,0
743,0,0,0.4775962829589844,0,-1.0,0
83,0,0,0.6221301555633545,1,0.6939290165901184,1
83,2,0,0.4021579623222351,0,0.5744879841804504,1
83,1,0,0.4327041208744049,0,0.5324869751930237,1
83,3,0,0.6997603178024292,1,0.8932999968528748,1
83,4,0,0.4991706609725952,0,0.6945300102233887,1
83,5,1,0.5417824983596802,1,0.7909770011901855,1
83,6,0,0.8184899687767029,1,0.9223989844322205,1
83,6,1,0.7032486796379089,1,0.830286979675293,1
83,0,0,0.5105059146881104,1,0.5645110011100769,1
83,1,1,0.43830999732017517,0,0.47409600019454956,0
83,2,0,0.4051820933818817,0,0.46952199935913086,0
83,3,0,0.7429056167602539,1,0.7083179950714111,1
83,4,1,0.5037714838981628,1,0.598488986492157,1
83,5,0,0.7188223600387573,1,0.8355249762535095,1
83,6,1,0.7944074273109436,1,0.846697986125946,1
83,6,1,0.9216881394386292,1,0.8630629777908325,1
83,0,0,0.49275684356689453,0,0.5258920192718506,1
83,1,1,0.5733147859573364,1,0.5609340071678162,1
83,2,0,0.40017539262771606,0,0.42422300577163696,0
83,4,1,0.6225961446762085,1,0.6802819967269897,1
83,3,1,0.7744466662406921,1,0.6413310170173645,1
83,5,1,0.6609191298484802,1,0.7701159715652466,1
83,6,0,0.9278236627578735,1,0.8787639737129211,1
83,6,1,0.8076372146606445,1,0.7872340083122253,1
83,0,0,0.520353376865387,1,0.518451988697052,1
83,1,1,0.5047631859779358,1,0.6398029923439026,1
83,2,1,0.39868414402008057,0,0.4097749888896942,0
83,3,1,0.9077548384666443,1,0.7067949771881104,1
83,4,1,0.75302654504776,1,0.7505390048027039,1
83,5,1,0.8230106830596924,1,0.8238469958305359,1
83,6,1,0.922285258769989,1,0.8005210161209106,1
83,6,1,0.926884651184082,1,0.8153020143508911,1
83,0,0,0.5059081315994263,1,0.5171560049057007,1
83,1,0,0.6279699206352234,1,0.6928820013999939,1
83,2,1,0.4259454607963562,0,0.457040011882782,0
83,3,1,0.8855578303337097,1,0.7786470055580139,1
83,4,0,0.7439454197883606,1,0.798662006855011,1
83,5,1,0.6850532293319702,1,0.8527259826660156,1
83,6,0,0.908697247505188,1,0.8311790227890015,1
83,6,1,0.7947204113006592,1,0.7656520009040833,1
83,0,1,0.5008766651153564,1,0.5169339776039124,1
83,2,0,0.4392295479774475,0,0.533968985080719,1
83,1,1,0.4596315622329712,0,0.6421110033988953,1
83,3,1,0.8728376030921936,1,0.8436009883880615,1
83,4,1,0.5846134424209595,1,0.7171199917793274,1
83,5,1,0.7987927198410034,1,0.8667430281639099,1
83,6,1,0.9142242074012756,1,0.7754189968109131,1
83,6,1,0.9247899651527405,1,0.786952018737793,1
83,0,1,0.6699180603027344,1,0.5238670110702515,1
83,1,1,0.6077562570571899,1,0.6942399740219116,1
83,2,1,0.4167768657207489,0,0.44961801171302795,0
83,3,1,0.9171237349510193,1,0.8927990198135376,1
83,4,1,0.7705148458480835,1,0.776947021484375,1
83,5,1,0.8387700319290161,1,0.8732100129127502,1
83,6,1,0.9285301566123962,1,0.8002020120620728,1
83,6,1,0.9283257722854614,1,0.8149530291557312,1
83,0,1,0.696807324886322,1,0.5358009934425354,1
83,1,1,0.6336488127708435,1,0.7224839925765991,1
83,2,1,0.4977649748325348,0,0.5229589939117432,1
83,3,1,0.9171544313430786,1,0.9252970218658447,1
83,4,1,0.7799091935157776,1,0.814499020576477,1
83,5,1,0.8439911007881165,1,0.8761240243911743,1
83,6,1,0.9296280145645142,1,0.8308110237121582,1
83,6,1,0.9293402433395386,1,0.8472300171852112,1
83,7,1,0.7705022692680359,1,0.7255330085754395,1
83,9,1,0.8556649684906006,1,0.8021690249443054,1
83,8,1,0.8531290292739868,1,0.8739780187606812,1
83,10,1,0.7711480855941772,1,0.5817549824714661,1
83,12,1,0.8901994824409485,1,0.9291480183601379,1
83,11,1,0.8359313011169434,1,0.6359530091285706,1
83,13,1,0.8076813220977783,1,0.6097490191459656,1
83,6,1,0.930336594581604,1,0.8635839819908142,1
83,14,0,0.7864208221435547,1,0.6390529870986938,1
83,7,1,0.7239692807197571,1,0.7869089841842651,1
83,9,1,0.847186267375946,1,0.8257089853286743,1
83,8,1,0.852332353591919,1,0.8866220116615295,1
83,10,0,0.776063084602356,1,0.7268940210342407,1
83,12,1,0.8626043200492859,1,0.9554799795150757,1
83,11,1,0.81729656457901,1,0.8118699789047241,1
83,13,1,0.8004557490348816,1,0.7168639898300171,1
83,6,1,0.9281700849533081,1,0.8792539834976196,1
83,14,1,0.7353594899177551,1,0.5393289923667908,1
83,7,1,0.8028786182403564,1,0.8356389999389648,1
83,9,1,0.8732287883758545,1,0.844232976436615,1
83,8,1,0.8655005693435669,1,0.8973919749259949,1
83,10,1,0.760772705078125,1,0.6675990223884583,1
83,12,1,0.8977684378623962,1,0.9582819938659668,1
83,11,1,0.8451594114303589,1,0.877830982208252,1
83,13,0,0.8177899718284607,1,0.7883920073509216,1
83,6,0,0.9120276570320129,1,0.8937209844589233,1
83,14,0,0.7063130736351013,1,0.6868320107460022,1
83,7,0,0.6859744191169739,1,0.8692299723625183,1
83,8,1,0.7673263549804688,1,0.9063259959220886,1
83,9,1,0.8312997817993164,1,0.8580849766731262,1
83,11,0,0.813708484172821,1,0.8957489728927612,1
83,13,0,0.6488634347915649,1,0.6924830079078674,1
83,12,1,0.8351882100105286,1,0.9585719704627991,1
83,10,1,0.7168633341789246,1,0.7903069853782654,1
83,6,1,0.8998922109603882,1,0.798009991645813,1
83,14,1,0.7074846029281616,1,0.568444013595581,1
83,7,0,0.7197355628013611,1,0.7318199872970581,1
83,9,1,0.8573381304740906,1,0.8680509924888611,1
83,8,0,0.858208417892456,1,0.9135760068893433,1
83,10,1,0.715584933757782,1,0.8570330142974854,1
83,11,1,0.7846172451972961,1,0.8783599734306335,1
83,12,1,0.8851031064987183,1,0.9586009979248047,1
83,13,0,0.7191341519355774,1,0.579712986946106,1
83,6,1,0.9165757894515991,1,0.8125460147857666,1
83,14,1,0.7739474177360535,1,0.7112669944763184,1
83,7,1,0.6760591864585876,1,0.5704519748687744,1
83,8,1,0.816341757774353,1,0.8534280061721802,1
83,9,0,0.8691622018814087,1,0.8750249743461609,1
83,10,1,0.7268134355545044,1,0.8852970004081726,1
83,12,1,0.8858569264411926,1,0.9586049914360046,1
83,11,1,0.8318247199058533,1,0.8958809971809387,1
83,13,1,0.7307139039039612,1,0.5129520297050476,1
83,6,1,0.9273328185081482,1,0.828262984752655,1
83,14,1,0.7896135449409485,1,0.8021590113639832,1
83,7,0,0.803109884262085,1,0.617061972618103,1
83,8,0,0.846295177936554,1,0.8684380054473877,1
83,9,1,0.7590147852897644,1,0.8417189717292786,1
83,12,1,0.8652658462524414,1,0.9586049914360046,1
83,10,1,0.7483022212982178,1,0.8959839940071106,1
83,11,1,0.8319337964057922,1,0.9001920223236084,1
83,13,0,0.7948784232139587,1,0.6265320181846619,1
83,6,1,0.9091225266456604,1,0.8446339964866638,1
83,14,0,0.763050377368927,1,0.8431479930877686,1
83,7,0,0.6700543761253357,1,0.524429976940155,1
83,9,1,0.8124833106994629,1,0.8562399744987488,1
83,8,0,0.7822031378746033,1,0.7819290161132812,1
83,10,1,0.7223441004753113,1,0.899848997592926,1
83,11,1,0.8231353759765625,1,0.9012269973754883,1
83,12,1,0.888037919998169,1,0.9586049914360046,1
83,13,1,0.7027726173400879,1,0.5357739925384521,1
83,6,1,0.9259126782417297,1,0.8610410094261169,1
83,14,1,0.7256472110748291,1,0.7876390218734741,1
83,7,0,0.711519718170166,1,0.5034819841384888,1
83,9,1,0.8654761910438538,1,0.8667420148849487,1
83,8,0,0.8061180710792542,1,0.7276219725608826,1
83,10,1,0.7599079012870789,1,0.9012249708175659,1
83,11,1,0.8350059986114502,1,0.9014739990234375,1
83,12,1,0.8948520421981812,1,0.9586049914360046,1
83,13,1,0.8022060990333557,1,0.6507710218429565,1
83,6,1,0.9280284643173218,1,0.8768560290336609,1
83,14,1,0.7883723378181458,1,0.8372349739074707,1
83,7,1,0.7009963989257812,1,0.4998289942741394,0
83,9,1,0.8735235929489136,1,0.8741179704666138,1
83,8,1,0.8233933448791504,1,0.7111549973487854,1
83,10,1,0.7817121744155884,1,0.9017109870910645,1
83,12,1,0.8969842195510864,1,0.9586049914360046,1
83,11,1,0.8438073396682739,1,0.901531994342804,1
83,13,1,0.8147184252738953,1,0.7470390200614929,1
83,6,1,0.9294118285179138,1,0.8915410041809082,1
83,14,1,0.7950963377952576,1,0.8565869927406311,1
83,7,1,0.8078683614730835,1,0.5047850012779236,1
83,8,0,0.8712818026542664,1,0.713720977306366,1
83,9,1,0.8491075038909912,1,0.8791930079460144,1
83,12,1,0.8890690207481384,1,0.9586049914360046,1
83,10,1,0.773855984210968,1,0.9018830060958862,1
83,11,0,0.8405848145484924,1,0.9015460014343262,1
83,13,1,0.7686841487884521,1,0.804839015007019,1
83,6,1,0.9237080812454224,1,0.9047099947929382,1
83,14,1,0.7815477848052979,1,0.8635299801826477,1
83,15,1,0.8487236499786377,1,0.0,0
83,0,0,0.7183704376220703,1,-0.0,0
83,0,0,0.5603403449058533,1,-0.0,0
83,0,0,0.5095945000648499,1,-0.0,0
83,0,0,0.5003708004951477,1,-0.0,0
83,0,0,0.4958115518093109,0,-0.0,0
83,0,0,0.4927881062030792,0,-0.0,0
83,0,0,0.49053290486335754,0,-0.0,0
83,0,0,0.4887952208518982,0,-0.0,0
83,0,0,0.48745131492614746,0,-0.0,0
83,0,0,0.4863276779651642,0,-0.0,0
83,0,0,0.48536062240600586,0,-0.0,0
83,0,0,0.48452743887901306,0,-0.0,0
83,0,0,0.4837839603424072,0,-0.0,0
83,0,0,0.4831028878688812,0,-0.0,0
83,0,0,0.48248812556266785,0,-0.0,0
83,0,0,0.4819332957267761,0,-0.0,0
83,0,0,0.4814212918281555,0,-0.0,0
83,0,0,0.48093539476394653,0,-0.0,0
83,0,0,0.4804540276527405,0,-0.0,0
83,0,0,0.4800012707710266,0,-0.0,0
83,0,0,0.47959041595458984,0,-0.0,0
83,0,0,0.4792011082172394,0,-0.0,0
83,0,0,0.47883671522140503,0,-0.0,0
83,0,0,0.47849124670028687,0,-0.0,0
83,0,0,0.47815996408462524,0,-0.0,0
83,0,0,0.4778424799442291,0,-0.0,0
83,0,0,0.47753873467445374,0,-0.0,0
83,0,0,0.47724664211273193,0,-0.0,0
83,0,0,0.4769638776779175,0,-0.0,0
83,0,0,0.476689875125885,0,-0.0,0
83,0,0,0.47642314434051514,0,-0.0,0
83,0,0,0.47616493701934814,0,-0.0,0
83,0,0,0.4759145975112915,0,-0.0,0
83,0,0,0.4756719470024109,0,-0.0,0
83,0,0,0.4754435420036316,0,-0.0,0
83,0,0,0.47522246837615967,0,-1.0,0
856,7,1,0.7111079692840576,1,0.7255330085754395,1
856,8,1,0.8804105520248413,1,0.8739780187606812,1
856,9,1,0.887494683265686,1,0.8021690249443054,1
856,10,1,0.800964891910553,1,0.5817549824714661,1
856,11,1,0.8636348843574524,1,0.6359530091285706,1
856,12,1,0.9051613211631775,1,0.9291480183601379,1
856,13,1,0.8414297699928284,1,0.6097490191459656,1
856,6,1,0.9348956942558289,1,0.9223989844322205,1
856,14,1,0.8208755850791931,1,0.6390529870986938,1
856,7,1,0.8309994339942932,1,0.7869089841842651,1
856,8,1,0.8830065131187439,1,0.8866220116615295,1
856,9,1,0.8885432481765747,1,0.8257089853286743,1
856,10,1,0.8057563304901123,1,0.7268940210342407,1
856,11,1,0.8634630441665649,1,0.8118699789047241,1
856,12,1,0.9059757590293884,1,0.9554799795150757,1
856,13,1,0.8398751020431519,1,0.7168639898300171,1
856,6,1,0.9349535703659058,1,0.9310160279273987,1
856,14,1,0.821151614189148,1,0.7612800002098083,1
856,15,1,0.8776481747627258,1,0.6883059740066528,1
856,8,1,0.8825235366821289,1,0.8973919749259949,1
856,9,0,0.8891815543174744,1,0.844232976436615,1
856,16,0,0.713678240776062,1,0.4249100089073181,0
856,17,1,0.7213683724403381,1,0.7783470153808594,1
856,18,0,0.8231777548789978,1,0.924485981464386,1
856,19,1,0.6399170160293579,1,0.5172060132026672,1
856,6,1,0.9231638312339783,1,0.9380519986152649,1
856,6,1,0.931570827960968,1,0.9436990022659302,1
856,15,1,0.8676482439041138,1,0.7648450136184692,1
856,8,1,0.8778899312019348,1,0.9063259959220886,1
856,9,1,0.856695830821991,1,0.7696700096130371,1
856,16,1,0.7328695058822632,1,0.36802801489830017,0
856,17,1,0.8260208964347839,1,0.8401129841804504,1
856,18,1,0.8144055008888245,1,0.8799620270729065,1
856,19,1,0.8069032430648804,1,0.6836400032043457,1
856,6,1,0.9337109923362732,1,0.9481719732284546,1
856,6,1,0.9339867830276489,1,0.9516760110855103,1
856,15,1,0.8730413913726807,1,0.8275189995765686,1
856,8,1,0.8808231949806213,1,0.9135760068893433,1
856,9,1,0.8868361711502075,1,0.7982720136642456,1
856,16,1,0.7804970145225525,1,0.4695110023021698,0
856,17,1,0.8269148468971252,1,0.8732619881629944,1
856,18,1,0.8412696123123169,1,0.894897997379303,1
856,19,0,0.8092396259307861,1,0.7421820163726807,1
856,6,1,0.9201165437698364,1,0.954397976398468,1
856,6,1,0.9313659071922302,1,0.9564989805221558,1
856,15,1,0.8681549429893494,1,0.8702049851417542,1
856,9,1,0.8826579451560974,1,0.8225370049476624,1
856,8,1,0.876955509185791,1,0.9193549752235413,1
856,17,1,0.8263745307922363,1,0.8891199827194214,1
856,18,1,0.8410217761993408,1,0.9066839814186096,1
856,20,0,0.8578619360923767,1,0.7325199842453003,1
856,21,1,0.9093422889709473,1,0.9015049934387207,1
856,21,1,0.926171064376831,1,0.9039599895477295,1
856,21,1,0.9275162220001221,1,0.9062770009040833,1
856,21,1,0.9280780553817749,1,0.9084540009498596,1
856,21,1,0.9283687472343445,1,0.9104880094528198,1
856,22,1,0.8749038577079773,1,0.8638690114021301,1
856,22,1,0.8755438327789307,1,0.8715270161628723,1
856,22,1,0.8754405379295349,1,0.8783929944038391,1
856,22,1,0.8753018975257874,1,0.8844460248947144,1
856,22,1,0.8752245306968689,1,0.8897050023078918,1
856,23,1,0.8517846465110779,1,0.785290002822876,1
856,20,1,0.8556529879570007,1,0.6025609970092773,1
856,21,1,0.9263936281204224,1,0.9123799800872803,1
856,21,1,0.9283071756362915,1,0.9141319990158081,1
856,21,1,0.9286599159240723,1,0.9157490134239197,1
856,21,1,0.9288004636764526,1,0.9172350168228149,1
856,21,1,0.9288691282272339,1,0.9185960292816162,1
856,21,1,0.9289113283157349,1,0.9198390245437622,1
856,21,1,0.9289417862892151,1,0.9209709763526917,1
856,21,1,0.9289633631706238,1,0.9219989776611328,1
856,21,1,0.9289795160293579,1,0.9229300022125244,1
856,21,1,0.9289923906326294,1,0.9237729907035828,1
856,21,1,0.9290028810501099,1,0.9245330095291138,1
856,22,1,0.8775579333305359,1,0.8942170143127441,1
856,22,1,0.8773884177207947,1,0.8980439901351929,1
856,22,1,0.8770768046379089,1,0.9012609720230103,1
856,22,1,0.8768053650856018,1,0.9039440155029297,1
856,22,1,0.8765802979469299,1,0.9061660170555115,1
856,22,1,0.8764066100120544,1,0.9079980254173279,1
856,22,1,0.8762767910957336,1,0.909500002861023,1
856,22,1,0.8761773705482483,1,0.9107279777526855,1
856,22,1,0.8761000633239746,1,0.9117289781570435,1
856,22,1,0.8760402202606201,1,0.9125419855117798,1
856,22,1,0.8759945631027222,1,0.9132019877433777,1
856,24,1,0.840107798576355,1,0.6880589723587036,1
856,20,0,0.8631929159164429,1,0.7072110176086426,1
856,21,1,0.9213859438896179,1,0.9252169728279114,1
856,21,1,0.9272598028182983,1,0.925832986831665,1
856,21,1,0.9281820058822632,1,0.9263870120048523,1
856,21,1,0.9285999536514282,1,0.9268829822540283,1
856,21,1,0.9288051724433899,1,0.9273279905319214,1
856,21,1,0.928916335105896,1,0.9277259707450867,1
856,21,1,0.9289823174476624,1,0.9280819892883301,1
856,21,0,0.929025411605835,1,0.9283999800682068,1
856,21,1,0.9168015718460083,1,0.9248319864273071,1
856,21,1,0.9270182847976685,1,0.9254869818687439,1
856,21,1,0.9281090497970581,1,0.9260759949684143,1
856,21,1,0.9285342693328857,1,0.9266039729118347,1
856,21,0,0.9287447929382324,1,0.9270780086517334,1
856,21,0,0.915702223777771,1,0.9218559861183167,1
856,21,1,0.8701359033584595,1,0.9110829830169678,1
856,22,1,0.8613178730010986,1,0.9137369990348816,1
856,22,1,0.8722862601280212,1,0.9141690135002136,1
856,22,1,0.8743466734886169,1,0.9145179986953735,1
856,22,1,0.8751962184906006,1,0.9147999882698059,1
856,22,1,0.8756043910980225,1,0.9150279760360718,1
856,22,1,0.8758041262626648,1,0.9152119755744934,1
856,22,1,0.8759110569953918,1,0.9153590202331543,1
856,22,1,0.8759747743606567,1,0.9154790043830872,1
856,22,1,0.8760127425193787,1,0.9155750274658203,1
856,22,1,0.8760327100753784,1,0.9156519770622253,1
856,22,1,0.8760424852371216,1,0.9157140254974365,1
856,22,1,0.8760460615158081,1,0.9157639741897583,1
856,22,1,0.8760465979576111,1,0.9158049821853638,1
856,22,1,0.8760452270507812,1,0.9158369898796082,1
856,22,1,0.8760431408882141,1,0.9158629775047302,1
856,25,1,0.8552767038345337,1,0.6179199814796448,1
856,20,1,0.8615633249282837,1,0.5611119866371155,1
856,21,1,0.9267054200172424,1,0.9129319787025452,1
856,21,1,0.9282379746437073,1,0.9146419763565063,1
856,21,1,0.9287026524543762,1,0.9162179827690125,1
856,21,0,0.9289191365242004,1,0.9176650047302246,1
856,21,1,0.9192994236946106,1,0.9034259915351868,1
856,21,1,0.9271052479743958,1,0.9057750105857849,1
856,21,1,0.9281086325645447,1,0.9079830050468445,1
856,21,1,0.9285506010055542,1,0.9100490212440491,1
856,21,1,0.9287803173065186,1,0.9119719862937927,1
856,21,1,0.9289110898971558,1,0.9137549996376038,1
856,21,1,0.9289917945861816,1,0.9154019951820374,1
856,22,1,0.8774439692497253,1,0.9158840179443359,1
856,22,1,0.8775332570075989,1,0.9159010052680969,1
856,22,1,0.8773720860481262,1,0.9159150123596191,1
856,22,1,0.8772130012512207,1,0.9159259796142578,1
856,22,1,0.8770662546157837,1,0.9159340262413025,1
856,22,1,0.8769316673278809,1,0.9159409999847412,1
856,22,1,0.8768190145492554,1,0.9159470200538635,1
856,22,1,0.8767262697219849,1,0.9159520268440247,1
856,22,1,0.8766492009162903,1,0.9159550070762634,1
856,22,1,0.8765838742256165,1,0.0,0
856,0,0,0.7796335816383362,1,-0.0,0
856,0,0,0.6928281784057617,1,-0.0,0
856,0,0,0.5754072666168213,1,-0.0,0
856,0,0,0.5514386892318726,1,-0.0,0
856,0,0,0.5431269407272339,1,-0.0,0
856,0,0,0.5375202298164368,1,-0.0,0
856,0,0,0.5330175757408142,1,-0.0,0
856,0,0,0.5293090343475342,1,-0.0,0
856,0,0,0.5260990262031555,1,-0.0,0
856,0,0,0.5232470631599426,1,-0.0,0
856,0,0,0.5207358598709106,1,-0.0,0
856,0,0,0.5186057686805725,1,-0.0,0
856,0,0,0.5167074203491211,1,-0.0,0
856,0,0,0.5149606466293335,1,-0.0,0
856,0,0,0.5132579207420349,1,-0.0,0
856,0,0,0.511671245098114,1,-0.0,0
856,0,0,0.5102253556251526,1,-0.0,0
856,0,0,0.5088700652122498,1,-0.0,0
856,0,0,0.507625162601471,1,-0.0,0
856,0,0,0.5064767003059387,1,-0.0,0
856,0,0,0.5054464340209961,1,-0.0,0
856,0,0,0.504462480545044,1,-0.0,0
856,0,0,0.5034918189048767,1,-0.0,0
856,0,0,0.502579927444458,1,-0.0,0
856,0,0,0.5017458200454712,1,-0.0,0
856,0,0,0.5009483098983765,1,-0.0,0
856,0,0,0.5001881122589111,1,-0.0,0
856,0,0,0.49947085976600647,0,-0.0,0
856,0,0,0.49878808856010437,0,-0.0,0
856,0,0,0.4981163442134857,0,-0.0,0
856,0,0,0.49746742844581604,0,-0.0,0
856,0,0,0.4968344271183014,0,-0.0,0
856,0,0,0.49621936678886414,0,-0.0,0
856,0,0,0.4956319332122803,0,-0.0,0
856,0,0,0.4950619637966156,0,-0.0,0
856,0,0,0.49452105164527893,0,-0.0,0
856,0,0,0.4939976632595062,0,-0.0,0
856,0,0,0.49348771572113037,0,-0.0,0
856,0,0,0.4929928779602051,0,-0.0,0
856,0,0,0.49250319600105286,0,-0.0,0
856,0,0,0.4920262098312378,0,-0.0,0
856,0,0,0.4915626347064972,0,-0.0,0
856,0,0,0.49111053347587585,0,-0.0,0
856,0,0,0.49066677689552307,0,-0.0,0
856,0,0,0.49022313952445984,0,-0.0,0
856,0,0,0.48979493975639343,0,-0.0,0
856,0,0,0.4893849492073059,0,-0.0,0
856,0,0,0.4889814555644989,0,-0.0,0
856,0,0,0.488586962223053,0,-0.0,0
856,0,0,0.4882048964500427,0,-0.0,0
856,0,0,0.4878389239311218,0,-0.0,0
856,0,0,0.48748087882995605,0,-0.0,0
856,0,0,0.4871315062046051,0,-0.0,0
856,0,0,0.4867940843105316,0,-0.0,0
856,0,0,0.48646125197410583,0,-0.0,0
856,0,0,0.4861301779747009,0,-0.0,0
856,0,0,0.4858059585094452,0,-0.0,0
856,0,0,0.48549333214759827,0,-0.0,0
856,0,0,0.4851888120174408,0,-0.0,0
856,0,0,0.4848931133747101,0,-1.0,0
812,0,1,0.6221309900283813,1,0.6939290165901184,1
812,2,1,0.5729890465736389,1,0.5744879841804504,1
812,1,1,0.6311289072036743,1,0.5324869751930237,1
812,3,1,0.9275856614112854,1,0.8932999968528748,1
812,4,1,0.8127310872077942,1,0.6945300102233887,1
812,5,1,0.860523521900177,1,0.7909770011901855,1
812,6,1,0.9345888495445251,1,0.9223989844322205,1
812,6,1,0.9343920946121216,1,0.9310160279273987,1
812,0,1,0.7480013966560364,1,0.7538800239562988,1
812,2,1,0.5675462484359741,1,0.6703220009803772,1
812,1,0,0.6657946705818176,1,0.6168000102043152,1
812,4,0,0.681915283203125,1,0.7610849738121033,1
812,3,1,0.8459209203720093,1,0.9256100058555603,1
812,5,1,0.7992839217185974,1,0.8355249762535095,1
812,6,1,0.9273358583450317,1,0.9380519986152649,1
812,6,1,0.9326529502868652,1,0.9436990022659302,1
812,0,1,0.7282008528709412,1,0.8073019981384277,1
812,1,1,0.5705265402793884,1,0.5448790192604065,1
812,2,0,0.5469565987586975,1,0.7461820244789124,1
812,2,0,0.39953574538230896,0,0.6243860125541687,1
812,3,1,0.9036874771118164,1,0.9450510144233704,1
812,4,1,0.5579232573509216,1,0.6623860001564026,1
812,5,1,0.8446596264839172,1,0.8585109710693359,1
812,6,1,0.9331569671630859,1,0.9481719732284546,1
812,6,1,0.9332478046417236,1,0.9516760110855103,1
812,0,1,0.738291323184967,1,0.8482210040092468,1
812,1,0,0.6674094796180725,1,0.6271160244941711,1
812,2,1,0.42115697264671326,0,0.4999360144138336,0
812,4,0,0.7116958498954773,1,0.7366499900817871,1
812,3,1,0.8660628199577332,1,0.9561079740524292,1
812,5,1,0.8069266080856323,1,0.8694379925727844,1
812,6,1,0.9272865653038025,1,0.954397976398468,1
812,6,1,0.9314968585968018,1,0.9564989805221558,1
812,0,0,0.721858024597168,1,0.8760769963264465,1
812,2,1,0.44944313168525696,0,0.5911960005760193,1
812,1,0,0.5175527334213257,1,0.5557370185852051,1
812,1,0,0.44917812943458557,0,0.49093300104141235,0
812,3,1,0.903106153011322,1,0.9621959924697876,1
812,4,0,0.6230155825614929,1,0.6351749897003174,1
812,5,0,0.8113198280334473,1,0.8744300007820129,1
812,6,1,0.8990330696105957,1,0.9581130146980286,1
812,6,1,0.926917314529419,1,0.9593480229377747,1
812,0,0,0.5106989741325378,1,0.7555239796638489,1
812,2,0,0.4473188519477844,0,0.6853190064430237,1
812,1,1,0.45237496495246887,0,0.4478349983692169,0
812,4,1,0.5522182583808899,1,0.5611720085144043,1
812,3,1,0.9070791602134705,1,0.9654889702796936,1
812,5,0,0.7392069697380066,1,0.8651469945907593,1
812,6,0,0.9267057180404663,1,0.9602890014648438,1
812,6,1,0.8142872452735901,1,0.9444239735603333,1
812,0,0,0.5373608469963074,1,0.5972530245780945,1
812,2,1,0.4047653377056122,0,0.5501539707183838,1
812,1,0,0.5332086086273193,1,0.5310590267181396,1
812,3,1,0.8800697922706604,1,0.9672520160675049,1
812,4,0,0.7194885015487671,1,0.6414250135421753,1
812,5,0,0.6263285279273987,1,0.8374919891357422,1
812,6,1,0.8686195611953735,1,0.9487419724464417,1
812,6,1,0.9209298491477966,1,0.9521200060844421,1
812,0,0,0.49838125705718994,0,0.5333170294761658,1
812,1,1,0.4644705355167389,0,0.473116010427475,0
812,2,0,0.42988863587379456,0,0.6468530297279358,1
812,3,1,0.9035469889640808,1,0.9681919813156128,1
812,4,0,0.5388198494911194,1,0.564520001411438,1
812,5,1,0.592808187007904,1,0.7738270163536072,1
812,6,1,0.9242569804191589,1,0.9547420144081116,1
812,6,1,0.926985502243042,1,0.9567639827728271,1
812,0,0,0.5272505283355713,1,0.5197870135307312,1
812,1,0,0.6095011234283447,1,0.5598790049552917,1
812,2,1,0.3997252583503723,0,0.5164350271224976,1
812,4,0,0.5766437649726868,1,0.5300120115280151,1
812,3,1,0.8902016878128052,1,0.9686909914016724,1
812,5,1,0.7793247103691101,1,0.8259710073471069,1
812,6,1,0.9235250353813171,1,0.9583160281181335,1
812,6,1,0.9268274903297424,1,0.9595019817352295,1
812,0,0,0.5117756128311157,1,0.5173850059509277,1
812,2,1,0.4345036745071411,0,0.6106770038604736,1
812,1,0,0.4949369430541992,0,0.49411800503730774,0
812,3,1,0.9112834334373474,1,0.9689559936523438,1
812,4,1,0.5717167854309082,1,0.5181990265846252,1
812,5,1,0.8268915414810181,1,0.8537899851799011,1
812,6,1,0.9272580742835999,1,0.960407018661499,1
812,6,1,0.9277063012123108,1,0.9610949754714966,1
812,0,1,0.540452778339386,1,0.5169730186462402,1
812,2,1,0.484404593706131,0,0.7017660140991211,1
812,1,1,0.5034821629524231,1,0.44969600439071655,0
812,3,1,0.9144243597984314,1,0.9690960049629211,1
812,4,1,0.7682130336761475,1,0.589743971824646,1
812,5,1,0.841175377368927,1,0.8672419786453247,1
812,6,1,0.9285341501235962,1,0.9616180062294006,1
812,6,1,0.9287474751472473,1,0.9620149731636047,1
812,0,0,0.6946210861206055,1,0.5239350199699402,1
812,2,1,0.4680963158607483,0,0.7665579915046692,1
812,1,1,0.5827226042747498,1,0.5332900285720825,1
812,3,1,0.9144540429115295,1,0.9691699743270874,1
812,4,1,0.7718039751052856,1,0.6716179847717285,1
812,5,1,0.8413566946983337,1,0.8734369874000549,1
812,6,1,0.9286150932312012,1,0.962315022945404,1
812,6,1,0.9288390278816223,1,0.9625430107116699,1
812,0,1,0.5930960178375244,1,0.0,0
812,0,0,0.6871169209480286,1,-0.0,0
812,0,0,0.5398842096328735,1,-0.0,0
812,0,0,0.49636605381965637,0,-0.0,0
812,0,0,0.4856659173965454,0,-0.0,0
812,0,0,0.4809776544570923,0,-0.0,0
812,0,0,0.4781114459037781,0,-0.0,0
812,0,0,0.47619491815567017,0,-0.0,0
812,0,0,0.4747968316078186,0,-0.0,0
812,0,0,0.4738108515739441,0,-0.0,0
812,0,0,0.4730515480041504,0,-0.0,0
812,0,0,0.4724298417568207,0,-0.0,0
812,0,0,0.4719228446483612,0,-0.0,0
812,0,0,0.4714873135089874,0,-0.0,0
812,0,0,0.47109973430633545,0,-0.0,0
812,0,0,0.470744252204895,0,-0.0,0
812,0,0,0.4704219698905945,0,-0.0,0
812,0,0,0.4701264798641205,0,-0.0,0
812,0,0,0.46986114978790283,0,-0.0,0
812,0,0,0.46963152289390564,0,-0.0,0
812,0,0,0.469421923160553,0,-0.0,0
812,0,0,0.4692211449146271,0,-0.0,0
812,0,0,0.46903032064437866,0,-0.0,0
812,0,0,0.46885016560554504,0,-0.0,0
812,0,0,0.4686792194843292,0,-0.0,0
812,0,0,0.46853089332580566,0,-0.0,0
812,0,0,0.46838757395744324,0,-0.0,0
812,0,0,0.4682531952857971,0,-0.0,0
812,0,0,0.4681318402290344,0,-0.0,0
812,0,0,0.46801429986953735,0,-0.0,0
812,0,0,0.4679008722305298,0,-0.0,0
812,0,0,0.4677925705909729,0,-0.0,0
812,0,0,0.46768897771835327,0,-0.0,0
812,0,0,0.4675883948802948,0,-0.0,0
812,0,0,0.4674920439720154,0,-0.0,0
812,0,0,0.46739858388900757,0,-0.0,0
812,0,0,0.46730828285217285,0,-0.0,0
812,0,0,0.46722105145454407,0,-0.0,0
812,0,0,0.46713659167289734,0,-0.0,0
812,0,0,0.46705445647239685,0,-0.0,0
812,0,0,0.4669744670391083,0,-0.0,0
812,0,0,0.4668967127799988,0,-0.0,0
812,0,0,0.4668208360671997,0,-0.0,0
812,0,0,0.46674779057502747,0,-0.0,0
812,0,0,0.4666764438152313,0,-0.0,0
812,0,0,0.46660691499710083,0,-0.0,0
812,0,0,0.46653977036476135,0,-0.0,0
812,0,0,0.4664776623249054,0,-0.0,0
812,0,0,0.466417133808136,0,-0.0,0
812,0,0,0.4663580656051636,0,-0.0,0
812,0,0,0.46630150079727173,0,-0.0,0
812,0,0,0.46624648571014404,0,-0.0,0
812,0,0,0.4661930203437805,0,-0.0,0
812,0,0,0.46614310145378113,0,-0.0,0
812,0,0,0.466094434261322,0,-0.0,0
812,0,0,0.4660498797893524,0,-0.0,0
812,0,0,0.4660071134567261,0,-0.0,0
812,0,0,0.46596553921699524,0,-0.0,0
812,0,0,0.46592479944229126,0,-0.0,0
812,0,0,0.46588531136512756,0,-0.0,0
812,0,0,0.4658465087413788,0,-0.0,0
812,0,0,0.465808629989624,0,-0.0,0
812,0,0,0.46577170491218567,0,-0.0,0
812,0,0,0.46573543548583984,0,-0.0,0
812,0,0,0.4656999111175537,0,-0.0,0
812,0,0,0.4656650125980377,0,-0.0,0
812,0,0,0.4656308591365814,0,-0.0,0
812,0,0,0.4655972123146057,0,-0.0,0
812,0,0,0.4655640125274658,0,-0.0,0
812,0,0,0.4655323922634125,0,-0.0,0
812,0,0,0.4655010402202606,0,-0.0,0
812,0,0,0.4654703438282013,0,-0.0,0
812,0,0,0.4654403030872345,0,-0.0,0
812,0,0,0.4654103219509125,0,-0.0,0
812,0,0,0.46538105607032776,0,-0.0,0
812,0,0,0.4653521776199341,0,-0.0,0
812,0,0,0.46532389521598816,0,-0.0,0
812,0,0,0.46529603004455566,0,-0.0,0
812,0,0,0.4652687609195709,0,-0.0,0
812,0,0,0.4652421474456787,0,-0.0,0
812,0,0,0.4652158319950104,0,-0.0,0
812,0,0,0.4651906490325928,0,-0.0,0
812,0,0,0.4651660919189453,0,-0.0,0
812,0,0,0.46514201164245605,0,-0.0,0
812,0,0,0.4651183784008026,0,-0.0,0
812,0,0,0.4650951027870178,0,-0.0,0
812,0,0,0.4650719165802002,0,-0.0,0
812,0,0,0.46504953503608704,0,-0.0,0
812,0,0,0.4650290608406067,0,-0.0,0
812,0,0,0.4650088846683502,0,-0.0,0
812,0,0,0.4649890959262848,0,-0.0,0
812,0,0,0.4649695158004761,0,-0.0,0
812,0,0,0.4649501442909241,0,-0.0,0
812,0,0,0.46493127942085266,0,-0.0,0
812,0,0,0.4649128317832947,0,-0.0,0
812,0,0,0.4648945927619934,0,-0.0,0
812,0,0,0.464876651763916,0,-0.0,0
812,0,0,0.4648590683937073,0,-0.0,0
812,0,0,0.46484166383743286,0,-0.0,0
812,0,0,0.4648244082927704,0,-0.0,0
812,0,0,0.4648076295852661,0,-0.0,0
812,0,0,0.46479082107543945,0,-1.0,0
741,0,1,0.6221242547035217,1,0.6939290165901184,1
741,2,0,0.572972297668457,1,0.5744879841804504,1
741,1,0,0.4427790343761444,0,0.5324869751930237,1
741,3,1,0.7515912055969238,1,0.8932999968528748,1
741,4,0,0.640900194644928,1,0.6945300102233887,1
741,5,0,0.5633967518806458,1,0.7909770011901855,1
741,6,1,0.7176415920257568,1,0.9223989844322205,1
741,6,1,0.8896110653877258,1,0.9310160279273987,1
741,0,0,0.6156403422355652,1,0.7538800239562988,1
741,2,0,0.39778220653533936,0,0.46952199935913086,0
741,1,0,0.4387899935245514,0,0.47409600019454956,0
741,3,1,0.8673244118690491,1,0.9256100058555603,1
741,4,0,0.5055376887321472,1,0.598488986492157,1
741,5,0,0.5509970784187317,1,0.7047439813613892,1
741,6,1,0.9249968528747559,1,0.9380519986152649,1
741,6,1,0.9283013343811035,1,0.9436990022659302,1
741,0,1,0.4659624993801117,0,0.5961660146713257,1
741,1,0,0.4615933895111084,0,0.4383769929409027,0
741,2,0,0.39498597383499146,0,0.42422300577163696,0
741,3,1,0.9163751602172852,1,0.9450510144233704,1
741,4,1,0.506248414516449,1,0.5436239838600159,1
741,5,0,0.6634719967842102,1,0.634253978729248,1
741,6,1,0.926408052444458,1,0.9481719732284546,1
741,6,1,0.9276869297027588,1,0.9516760110855103,1
741,0,1,0.6523986458778381,1,0.6437169909477234,1
741,1,1,0.4570595622062683,0,0.4201880097389221,0
741,2,1,0.4042432904243469,0,0.4097749888896942,0
741,3,1,0.9158390164375305,1,0.9561079740524292,1
741,4,0,0.7687917351722717,1,0.6213089823722839,1
741,5,1,0.619526207447052,1,0.6013230085372925,1
741,6,1,0.8996766805648804,1,0.954397976398468,1
741,6,0,0.9270830154418945,1,0.9564989805221558,1
741,0,1,0.5717758536338806,1,0.7014790177345276,1
741,1,1,0.5618595480918884,1,0.4955720007419586,0
741,2,0,0.46199727058410645,0,0.457040011882782,0
741,3,1,0.9001661539077759,1,0.9621959924697876,1
741,4,0,0.5450237393379211,1,0.5541399717330933,1
741,5,1,0.72404944896698,1,0.6995559930801392,1
741,6,1,0.8741960525512695,1,0.9240589737892151,1
741,6,1,0.9228314757347107,1,0.9323819875717163,1
741,0,1,0.6812892556190491,1,0.7611110210418701,1
741,2,1,0.401052325963974,0,0.42000100016593933,0
741,1,0,0.6251246929168701,1,0.5830119848251343,1
741,3,1,0.8828103542327881,1,0.9654889702796936,1
741,4,0,0.5938554406166077,1,0.5262659788131714,1
741,5,1,0.7810378074645996,1,0.7791860103607178,1
741,6,1,0.9225971698760986,1,0.0,0
741,0,0,0.678971529006958,1,-0.0,0
741,0,0,0.4858379364013672,0,-0.0,0
741,0,0,0.4694053530693054,0,-0.0,0
741,0,0,0.46743255853652954,0,-0.0,0
741,0,0,0.4664800465106964,0,-0.0,0
741,0,0,0.46590399742126465,0,-0.0,0
741,0,0,0.46552547812461853,0,-0.0,0
741,0,0,0.46525663137435913,0,-0.0,0
741,0,0,0.4650511145591736,0,-0.0,0
741,0,0,0.4648883044719696,0,-0.0,0
741,0,0,0.46474945545196533,0,-0.0,0
741,0,0,0.46463245153427124,0,-0.0,0
741,0,0,0.4645308554172516,0,-0.0,0
741,0,0,0.46444207429885864,0,-0.0,0
741,0,0,0.46436217427253723,0,-0.0,0
741,0,0,0.4642886221408844,0,-0.0,0
741,0,0,0.46422114968299866,0,-0.0,0
741,0,0,0.4641605317592621,0,-0.0,0
741,0,0,0.4641098976135254,0,-0.0,0
741,0,0,0.46406289935112,0,-0.0,0
741,0,0,0.4640218913555145,0,-0.0,0
741,0,0,0.4639882743358612,0,-0.0,0
741,0,0,0.4639629125595093,0,-0.0,0
741,0,0,0.4639400541782379,0,-0.0,0
741,0,0,0.46391892433166504,0,-0.0,0
741,0,0,0.4638996720314026,0,-0.0,0
741,0,0,0.46388301253318787,0,-0.0,0
741,0,0,0.4638672173023224,0,-0.0,0
741,0,0,0.4638523459434509,0,-0.0,0
741,0,0,0.46383827924728394,0,-0.0,0
741,0,0,0.46382492780685425,0,-0.0,0
741,0,0,0.4638122320175171,0,-0.0,0
741,0,0,0.4638000726699829,0,-0.0,0
741,0,0,0.46378853917121887,0,-0.0,0
741,0,0,0.4637776017189026,0,-0.0,0
741,0,0,0.46376729011535645,0,-0.0,0
741,0,0,0.4637579619884491,0,-0.0,0
741,0,0,0.46374884247779846,0,-0.0,0
741,0,0,0.4637397229671478,0,-0.0,0
741,0,0,0.46373099088668823,0,-0.0,0
741,0,0,0.4637225866317749,0,-0.0,0
741,0,0,0.4637143909931183,0,-0.0,0
741,0,0,0.463706374168396,0,-0.0,0
741,0,0,0.46369868516921997,0,-0.0,0
741,0,0,0.4636913239955902,0,-0.0,0
741,0,0,0.46368393301963806,0,-0.0,0
741,0,0,0.4636768698692322,0,-0.0,0
741,0,0,0.46367019414901733,0,-0.0,0
741,0,0,0.46366408467292786,0,-0.0,0
741,0,0,0.46365809440612793,0,-0.0,0
741,0,0,0.46365225315093994,0,-0.0,0
741,0,0,0.46364662051200867,0,-0.0,0
741,0,0,0.46364113688468933,0,-0.0,0
741,0,0,0.4636358618736267,0,-0.0,0
741,0,0,0.4636306166648865,0,-0.0,0
741,0,0,0.4636256992816925,0,-0.0,0
741,0,0,0.4636209011077881,0,-0.0,0
741,0,0,0.4636166989803314,0,-0.0,0
741,0,0,0.46361324191093445,0,-0.0,0
741,0,0,0.46360981464385986,0,-0.0,0
741,0,0,0.4636065363883972,0,-0.0,0
741,0,0,0.4636034667491913,0,-0.0,0
741,0,0,0.46360090374946594,0,-0.0,0
741,0,0,0.4635983407497406,0,-0.0,0
741,0,0,0.4635958671569824,0,-0.0,0
741,0,0,0.4635934829711914,0,-0.0,0
741,0,0,0.4635911285877228,0,-0.0,0
741,0,0,0.4635887145996094,0,-0.0,0
741,0,0,0.46358656883239746,0,-0.0,0
741,0,0,0.4635845124721527,0,-0.0,0
741,0,0,0.4635825455188751,0,-0.0,0
741,0,0,0.4635807275772095,0,-0.0,0
741,0,0,0.4635787606239319,0,-0.0,0
741,0,0,0.4635770916938782,0,-0.0,0
741,0,0,0.4635752737522125,0,-0.0,0
741,0,0,0.46357354521751404,0,-0.0,0
741,0,0,0.4635719060897827,0,-0.0,0
741,0,0,0.46357014775276184,0,-0.0,0
741,0,0,0.4635685682296753,0,-0.0,0
741,0,0,0.4635668694972992,0,-0.0,0
741,0,0,0.4635654091835022,0,-0.0,0
741,0,0,0.4635639190673828,0,-0.0,0
741,0,0,0.4635624885559082,0,-0.0,0
741,0,0,0.46356114745140076,0,-0.0,0
741,0,0,0.46355971693992615,0,-0.0,0
741,0,0,0.4635583162307739,0,-0.0,0
741,0,0,0.46355700492858887,0,-0.0,0
741,0,0,0.46355560421943665,0,-0.0,0
741,0,0,0.46355438232421875,0,-0.0,0
741,0,0,0.4635531008243561,0,-0.0,0
741,0,0,0.46355172991752625,0,-0.0,0
741,0,0,0.46355053782463074,0,-0.0,0
741,0,0,0.46354931592941284,0,-0.0,0
741,0,0,0.46354803442955017,0,-0.0,0
741,0,0,0.4635466933250427,0,-0.0,0
741,0,0,0.4635453522205353,0,-0.0,0
741,0,0,0.4635441303253174,0,-0.0,0
741,0,0,0.46354278922080994,0,-0.0,0
741,0,0,0.4635416865348816,0,-0.0,0
741,0,0,0.4635413587093353,0,-0.0,0
741,0,0,0.4635409712791443,0,-0.0,0
741,0,0,0.463540643453598,0,-0.0,0
741,0,0,0.4635404348373413,0,-0.0,0
741,0,0,0.46354004740715027,0,-0.0,0
741,0,0,0.46353983879089355,0,-0.0,0
741,0,0,0.4635395109653473,0,-0.0,0
741,0,0,0.46353933215141296,0,-0.0,0
741,0,0,0.4635390043258667,0,-0.0,0
741,0,0,0.46353879570961,0,-0.0,0
741,0,0,0.46353858709335327,0,-0.0,0
741,0,0,0.46353834867477417,0,-0.0,0
741,0,0,0.46353819966316223,0,-0.0,0
741,0,0,0.4635379910469055,0,-0.0,0
741,0,0,0.46353787183761597,0,-0.0,0
741,0,0,0.46353769302368164,0,-0.0,0
741,0,0,0.4635374844074249,0,-0.0,0
741,0,0,0.4635373651981354,0,-0.0,0
741,0,0,0.4635372757911682,0,-0.0,0
741,0,0,0.4635371267795563,0,-0.0,0
741,0,0,0.46353694796562195,0,-0.0,0
741,0,0,0.4635368585586548,0,-0.0,0
741,0,0,0.4635367691516876,0,-0.0,0
741,0,0,0.46353664994239807,0,-0.0,0
741,0,0,0.4635365605354309,0,-0.0,0
741,0,0,0.46353644132614136,0,-0.0,0
741,0,0,0.4635363519191742,0,-0.0,0
741,0,0,0.4635363519191742,0,-0.0,0
741,0,0,0.46353623270988464,0,-0.0,0
741,0,0,0.4635361433029175,0,-0.0,0
741,0,0,0.4635360538959503,0,-0.0,0
741,0,0,0.4635360538959503,0,-0.0,0
741,0,0,0.463535875082016,0,-0.0,0
741,0,0,0.46353572607040405,0,-0.0,0
741,0,0,0.4635356366634369,0,-0.0,0
741,0,0,0.4635356366634369,0,-0.0,0
741,0,0,0.46353551745414734,0,-0.0,0
741,0,0,0.4635354280471802,0,-0.0,0
741,0,0,0.4635353088378906,0,-0.0,0
741,0,0,0.46353527903556824,0,-0.0,0
741,0,0,0.46353521943092346,0,-0.0,0
741,0,0,0.4635351300239563,0,-0.0,0
741,0,0,0.46353501081466675,0,-0.0,0
741,0,0,0.46353501081466675,0,-0.0,0
741,0,0,0.46353501081466675,0,-0.0,0
741,0,0,0.4635349214076996,0,-0.0,0
741,0,0,0.4635349214076996,0,-0.0,0
741,0,0,0.4635348618030548,0,-0.0,0
741,0,0,0.4635348618030548,0,-0.0,0
741,0,0,0.46353480219841003,0,-0.0,0
741,0,0,0.46353480219841003,0,-0.0,0
741,0,0,0.46353471279144287,0,-0.0,0
741,0,0,0.46353480219841003,0,-0.0,0
741,0,0,0.46353480219841003,0,-1.0,0
738,0,1,0.6221165060997009,1,0.6939290165901184,1
738,2,1,0.5729530453681946,1,0.5744879841804504,1
738,1,0,0.6311389803886414,1,0.5324869751930237,1
738,3,0,0.8290113210678101,1,0.8932999968528748,1
738,5,0,0.615697979927063,1,0.7909770011901855,1
738,4,0,0.5051480531692505,1,0.6945300102233887,1
738,6,1,0.6999491453170776,1,0.9223989844322205,1
738,6,1,0.8745920658111572,1,0.9310160279273987,1
738,0,0,0.6191990375518799,1,0.7538800239562988,1
738,2,1,0.4114343523979187,0,0.6703220009803772,1
738,1,1,0.461414098739624,0,0.47409600019454956,0
738,4,0,0.6030287146568298,1,0.598488986492157,1
738,3,1,0.7636857032775879,1,0.7083179950714111,1
738,5,1,0.6332148909568787,1,0.7047439813613892,1
738,6,0,0.9195570945739746,1,0.9380519986152649,1
738,6,1,0.8121258616447449,1,0.8605120182037354,1
738,0,1,0.5494100451469421,1,0.5961660146713257,1
738,2,1,0.45541274547576904,0,0.7461820244789124,1
738,1,0,0.5451421141624451,1,0.5609340071678162,1
738,3,1,0.8524511456489563,1,0.7801600098609924,1
738,4,1,0.6236918568611145,1,0.5436239838600159,1
738,5,1,0.8108046054840088,1,0.0,0
738,0,0,0.6813437342643738,1,-0.0,0
738,0,0,0.4939906895160675,0,-0.0,0
738,0,0,0.46683675050735474,0,-0.0,0
738,0,0,0.46528497338294983,0,-0.0,0
738,0,0,0.464678555727005,0,-0.0,0
738,0,0,0.4643402695655823,0,-0.0,0
738,0,0,0.46414029598236084,0,-0.0,0
738,0,0,0.4640384018421173,0,-0.0,0
738,0,0,0.4639695882797241,0,-0.0,0
738,0,0,0.4639144241809845,0,-0.0,0
738,0,0,0.4638693630695343,0,-0.0,0
738,0,0,0.4638301730155945,0,-0.0,0
738,0,0,0.46380114555358887,0,-0.0,0
738,0,0,0.46377769112586975,0,-0.0,0
738,0,0,0.46375733613967896,0,-0.0,0
738,0,0,0.4637390971183777,0,-0.0,0
738,0,0,0.4637228548526764,0,-0.0,0
738,0,0,0.46370813250541687,0,-0.0,0
738,0,0,0.4636954665184021,0,-0.0,0
738,0,0,0.46368393301963806,0,-0.0,0
738,0,0,0.4636751115322113,0,-0.0,0
738,0,0,0.46366778016090393,0,-0.0,0
738,0,0,0.46366116404533386,0,-0.0,0
738,0,0,0.4636576473712921,0,-0.0,0
738,0,0,0.4636539816856384,0,-0.0,0
738,0,0,0.4636507034301758,0,-0.0,0
738,0,0,0.4636476933956146,0,-0.0,0
738,0,0,0.46364492177963257,0,-0.0,0
738,0,0,0.46364229917526245,0,-0.0,0
738,0,0,0.46363964676856995,0,-0.0,0
738,0,0,0.46363723278045654,0,-0.0,0
738,0,0,0.46363502740859985,0,-0.0,0
738,0,0,0.4636329710483551,0,-0.0,0
738,0,0,0.4636310338973999,0,-0.0,0
738,0,0,0.46362918615341187,0,-0.0,0
738,0,0,0.46362754702568054,0,-0.0,0
738,0,0,0.46362632513046265,0,-0.0,0
738,0,0,0.46362510323524475,0,-0.0,0
738,0,0,0.4636240601539612,0,-0.0,0
738,0,0,0.46362292766571045,0,-0.0,0
738,0,0,0.46362200379371643,0,-0.0,0
738,0,0,0.46362099051475525,0,-0.0,0
738,0,0,0.4636201858520508,0,-0.0,0
738,0,0,0.4636193513870239,0,-0.0,0
738,0,0,0.46361857652664185,0,-0.0,0
738,0,0,0.46361780166625977,0,-0.0,0
738,0,0,0.46361708641052246,0,-0.0,0
738,0,0,0.4636164903640747,0,-0.0,0
738,0,0,0.46361586451530457,0,-0.0,0
738,0,0,0.4636152982711792,0,-0.0,0
738,0,0,0.4636147916316986,0,-0.0,0
738,0,0,0.4636143147945404,0,-0.0,0
738,0,0,0.4636137783527374,0,-0.0,0
738,0,0,0.4636133015155792,0,-0.0,0
738,0,0,0.46361279487609863,0,-0.0,0
738,0,0,0.46361228823661804,0,-0.0,0
738,0,0,0.4636118710041046,0,-0.0,0
738,0,0,0.46361157298088074,0,-0.0,0
738,0,0,0.4636111557483673,0,-0.0,0
738,0,0,0.4636107385158539,0,-0.0,0
738,0,0,0.46361044049263,0,-0.0,0
738,0,0,0.4636100232601166,0,-0.0,0
738,0,0,0.4636097550392151,0,-0.0,0
738,0,0,0.463609516620636,0,-0.0,0
738,0,0,0.4636092185974121,0,-0.0,0
738,0,0,0.4636089503765106,0,-0.0,0
738,0,0,0.46360868215560913,0,-0.0,0
738,0,0,0.4636084735393524,0,-0.0,0
738,0,0,0.4636082947254181,0,-0.0,0
738,0,0,0.4636080861091614,0,-0.0,0
738,0,0,0.46360793709754944,0,-0.0,0
738,0,0,0.4636077582836151,0,-0.0,0
738,0,0,0.4636075794696808,0,-0.0,0
738,0,0,0.46360746026039124,0,-0.0,0
738,0,0,0.4636073708534241,0,-0.0,0
738,0,0,0.46360719203948975,0,-0.0,0
738,0,0,0.4636070430278778,0,-0.0,0
738,0,0,0.46360695362091064,0,-0.0,0
738,0,0,0.46360689401626587,0,-0.0,0
738,0,0,0.46360668540000916,0,-0.0,0
738,0,0,0.46360665559768677,0,-0.0,0
738,0,0,0.4636065363883972,0,-0.0,0
738,0,0,0.46360644698143005,0,-0.0,0
738,0,0,0.46360644698143005,0,-0.0,0
738,0,0,0.46360644698143005,0,-0.0,0
738,0,0,0.4636065363883972,0,-0.0,0
738,0,0,0.46360665559768677,0,-0.0,0
738,0,0,0.46360674500465393,0,-0.0,0
738,0,0,0.4636068344116211,0,-0.0,0
738,0,0,0.46360695362091064,0,-0.0,0
738,0,0,0.4636070430278778,0,-0.0,0
738,0,0,0.46360716223716736,0,-0.0,0
738,0,0,0.4636073112487793,0,-0.0,0
738,0,0,0.46360740065574646,0,-0.0,0
738,0,0,0.4636075794696808,0,-0.0,0
738,0,0,0.46360766887664795,0,-0.0,0
738,0,0,0.4636077582836151,0,-0.0,0
738,0,0,0.46360787749290466,0,-0.0,0
738,0,0,0.4636080265045166,0,-0.0,0
738,0,0,0.46360811591148376,0,-0.0,0
738,0,0,0.4636082947254181,0,-0.0,0
738,0,0,0.46360838413238525,0,-0.0,0
738,0,0,0.4636084735393524,0,-0.0,0
738,0,0,0.46360865235328674,0,-0.0,0
738,0,0,0.4636087417602539,0,-0.0,0
738,0,0,0.46360889077186584,0,-0.0,0
738,0,0,0.4636090099811554,0,-0.0,0
738,0,0,0.46360915899276733,0,-0.0,0
738,0,0,0.4636093080043793,0,-0.0,0
738,0,0,0.46360939741134644,0,-0.0,0
738,0,0,0.46360957622528076,0,-0.0,0
738,0,0,0.4636096656322479,0,-0.0,0
738,0,0,0.4636097550392151,0,-0.0,0
738,0,0,0.4636099338531494,0,-0.0,0
738,0,0,0.46361008286476135,0,-0.0,0
738,0,0,0.4636101722717285,0,-0.0,0
738,0,0,0.46361032128334045,0,-0.0,0
738,0,0,0.46361044049263,0,-0.0,0
738,0,0,0.4636106491088867,0,-0.0,0
738,0,0,0.4636107385158539,0,-0.0,0
738,0,0,0.4636108875274658,0,-0.0,0
738,0,0,0.46361103653907776,0,-0.0,0
738,0,0,0.4636112153530121,0,-0.0,0
738,0,0,0.463611364364624,0,-0.0,0
738,0,0,0.46361157298088074,0,-0.0,0
738,0,0,0.4636116027832031,0,-0.0,0
738,0,0,0.4636114537715912,0,-0.0,0
738,0,0,0.463611364364624,0,-0.0,0
738,0,0,0.4636112451553345,0,-0.0,0
738,0,0,0.46361109614372253,0,-0.0,0
738,0,0,0.4636109471321106,0,-0.0,0
738,0,0,0.46361085772514343,0,-0.0,0
738,0,0,0.4636107385158539,0,-0.0,0
738,0,0,0.4636106491088867,0,-0.0,0
738,0,0,0.4636105000972748,0,-0.0,0
738,0,0,0.46361038088798523,0,-0.0,0
738,0,0,0.46361029148101807,0,-0.0,0
738,0,0,0.4636101722717285,0,-0.0,0
738,0,0,0.46361008286476135,0,-0.0,0
738,0,0,0.4636100232601166,0,-0.0,0
738,0,0,0.46360987424850464,0,-0.0,0
738,0,0,0.4636097550392151,0,-0.0,0
738,0,0,0.4636096656322479,0,-0.0,0
738,0,0,0.46360957622528076,0,-0.0,0
738,0,0,0.463609516620636,0,-0.0,0
738,0,0,0.46360939741134644,0,-0.0,0
738,0,0,0.4636093080043793,0,-0.0,0
738,0,0,0.4636092185974121,0,-0.0,0
738,0,0,0.46360909938812256,0,-0.0,0
738,0,0,0.4636090397834778,0,-0.0,0
738,0,0,0.4636089503765106,0,-0.0,0
738,0,0,0.46360883116722107,0,-0.0,0
738,0,0,0.4636088013648987,0,-0.0,0
738,0,0,0.46360868215560913,0,-0.0,0
738,0,0,0.46360865235328674,0,-0.0,0
738,0,0,0.4636085331439972,0,-0.0,0
738,0,0,0.4636084735393524,0,-0.0,0
738,0,0,0.46360838413238525,0,-0.0,0
738,0,0,0.4636083245277405,0,-0.0,0
738,0,0,0.4636082947254181,0,-0.0,0
738,0,0,0.46360817551612854,0,-0.0,0
738,0,0,0.46360811591148376,0,-0.0,0
738,0,0,0.4636080861091614,0,-0.0,0
738,0,0,0.4636080265045166,0,-0.0,0
738,0,0,0.4636079668998718,0,-0.0,0
738,0,0,0.46360787749290466,0,-0.0,0
738,0,0,0.4636078178882599,0,-0.0,0
738,0,0,0.4636077582836151,0,-0.0,0
738,0,0,0.46360766887664795,0,-0.0,0
738,0,0,0.46360766887664795,0,-0.0,0
738,0,0,0.4636075794696808,0,-0.0,0
738,0,0,0.4636075794696808,0,-0.0,0
738,0,0,0.46360746026039124,0,-0.0,0
738,0,0,0.46360740065574646,0,-0.0,0
738,0,0,0.4636073708534241,0,-0.0,0
738,0,0,0.4636072516441345,0,-0.0,0
738,0,0,0.4636072516441345,0,-0.0,0
738,0,0,0.46360719203948975,0,-1.0,0
258,6,1,0.9175390601158142,1,0.9223989844322205,1
258,14,0,0.8158074617385864,1,0.6390529870986938,1
258,7,0,0.5585918426513672,1,0.7255330085754395,1
258,8,1,0.5791521072387695,1,0.8739780187606812,1
258,9,0,0.7473414540290833,1,0.8021690249443054,1
258,10,1,0.5756636261940002,1,0.5817549824714661,1
258,13,0,0.7381874322891235,1,0.6097490191459656,1
258,12,0,0.7392817139625549,1,0.9291480183601379,1
258,11,0,0.6201874613761902,1,0.6359530091285706,1
258,6,1,0.8284562230110168,1,0.9310160279273987,1
258,14,0,0.5546528100967407,1,0.5393289923667908,1
258,7,0,0.5197311639785767,1,0.5669339895248413,1
258,8,1,0.8053731918334961,1,0.8866220116615295,1
258,9,0,0.5680906772613525,1,0.7074909806251526,1
258,12,1,0.5912127494812012,1,0.7514650225639343,1
258,10,1,0.7757562398910522,1,0.7268940210342407,1
258,11,1,0.6391546130180359,1,0.5975610017776489,1
258,13,1,0.6460540890693665,1,0.526964008808136,1
258,6,1,0.9311038851737976,1,0.9380519986152649,1
258,14,1,0.6407841444015503,1,0.4980190098285675,0
258,7,0,0.6706777811050415,1,0.5119820237159729,1
258,9,1,0.6375315189361572,1,0.632964015007019,1
258,8,0,0.8694496154785156,1,0.8973919749259949,1
258,12,1,0.7970091104507446,1,0.931430995464325,1
258,10,1,0.7371236085891724,1,0.8253639936447144,1
258,11,1,0.843705415725708,1,0.7923120260238647,1
258,13,1,0.8051196932792664,1,0.6416620016098022,1
258,6,1,0.9308872818946838,1,0.9436990022659302,1
258,14,1,0.7988036870956421,1,0.647258996963501,1
258,7,0,0.5916943550109863,1,0.501272976398468,1
258,9,1,0.8787764310836792,1,0.6520079970359802,1
258,8,1,0.7456676363945007,1,0.820559024810791,1
258,12,1,0.896678626537323,1,0.9557290077209473,1
258,10,0,0.7959210872650146,1,0.8724520206451416,1
258,11,1,0.7560462355613708,1,0.8719450235366821,1
258,13,0,0.8033215999603271,1,0.7406719923019409,1
258,6,1,0.8805571794509888,1,0.9481719732284546,1
258,14,1,0.7554295659065247,1,0.7663840055465698,1
258,7,1,0.5842303037643433,1,0.49946099519729614,0
258,9,1,0.8747338056564331,1,0.6760609745979309,1
258,8,1,0.8638818264007568,1,0.8374599814414978,1
258,12,1,0.9001915454864502,1,0.9583079814910889,1
258,10,1,0.7524989247322083,1,0.81734699010849,1
258,11,1,0.8509312868118286,1,0.8942599892616272,1
258,13,1,0.7586057782173157,1,0.6259480118751526,1
258,6,1,0.9318606853485107,1,0.9516760110855103,1
258,14,1,0.8053567409515381,1,0.8281750082969666,1
258,7,0,0.8180260062217712,1,0.504118025302887,1
258,8,1,0.8457223176956177,1,0.8536930084228516,1
258,9,0,0.8740041851997375,1,0.7045019865036011,1
258,10,1,0.7279197573661804,1,0.8690429925918579,1
258,12,1,0.8912527561187744,1,0.9585739970207214,1
258,11,1,0.8461630344390869,1,0.8998000025749207,1
258,13,1,0.8166846036911011,1,0.7292519807815552,1
258,6,1,0.9311800599098206,1,0.954397976398468,1
258,14,0,0.8034223914146423,1,0.8532249927520752,1
258,7,0,0.6838380098342896,1,0.49993500113487244,0
258,8,1,0.8241033554077148,1,0.8686779737472534,1
258,9,0,0.7584595084190369,1,0.6313890218734741,1
258,10,1,0.7715117335319519,1,0.8899229764938354,1
258,11,1,0.844806969165802,1,0.9011330008506775,1
258,12,1,0.8997421264648438,1,0.9586020112037659,1
258,13,1,0.8213704824447632,1,0.7953090071678162,1
258,6,1,0.9313569068908691,1,0.9564989805221558,1
258,14,1,0.7413051128387451,1,0.8177880048751831,1
258,7,1,0.6807497143745422,1,0.4992400109767914,0
258,8,1,0.8748761415481567,1,0.8820149898529053,1
258,9,0,0.751696765422821,1,0.6008139848709106,1
258,10,1,0.796267569065094,1,0.8976680040359497,1
258,11,1,0.8528124094009399,1,0.9014509916305542,1
258,12,1,0.9032149314880371,1,0.9586049914360046,1
258,13,1,0.8274954557418823,1,0.8285520076751709,1
258,6,1,0.9321761131286621,1,0.9581130146980286,1
258,14,1,0.8058131337165833,1,0.84927898645401,1
258,7,1,0.8186509013175964,1,0.5037170052528381,1
258,8,1,0.8778892755508423,1,0.8935040235519409,1
258,9,1,0.7153871059417725,1,0.5913479924201965,1
258,10,1,0.8004845380783081,1,0.9004499912261963,1
258,12,1,0.9035059213638306,1,0.9586049914360046,1
258,11,1,0.8557313084602356,1,0.9015269875526428,1
258,13,1,0.8281094431877136,1,0.8432779908180237,1
258,6,1,0.9324559569358826,1,0.9593480229377747,1
258,14,1,0.8087826371192932,1,0.8609449863433838,1
258,7,0,0.8213177919387817,1,0.5117849707603455,1
258,9,1,0.8588142991065979,1,0.5940560102462769,1
258,8,0,0.8675603866577148,1,0.903124988079071,1
258,12,1,0.873458743095398,1,0.0,0
258,0,0,0.6964450478553772,1,-0.0,0
258,0,0,0.5270228385925293,1,-0.0,0
258,0,0,0.49236688017845154,0,-0.0,0
258,0,0,0.487264484167099,0,-0.0,0
258,0,0,0.4844563603401184,0,-0.0,0
258,0,0,0.4825686812400818,0,-0.0,0
258,0,0,0.48109549283981323,0,-0.0,0
258,0,0,0.47985324263572693,0,-0.0,0
258,0,0,0.47881197929382324,0,-0.0,0
258,0,0,0.4779072105884552,0,-0.0,0
258,0,0,0.47712838649749756,0,-0.0,0
258,0,0,0.47643423080444336,0,-0.0,0
258,0,0,0.4758455455303192,0,-0.0,0
258,0,0,0.4753163754940033,0,-0.0,0
258,0,0,0.4748350977897644,0,-0.0,0
258,0,0,0.4743993282318115,0,-0.0,0
258,0,0,0.47400280833244324,0,-0.0,0
258,0,0,0.4736330509185791,0,-0.0,0
258,0,0,0.47328755259513855,0,-0.0,0
258,0,0,0.4729679524898529,0,-0.0,0
258,0,0,0.4726662337779999,0,-0.0,0
258,0,0,0.47237876057624817,0,-0.0,0
258,0,0,0.47210413217544556,0,-0.0,0
258,0,0,0.4718438386917114,0,-0.0,0
258,0,0,0.47160235047340393,0,-0.0,0
258,0,0,0.4713733494281769,0,-0.0,0
258,0,0,0.4711529016494751,0,-0.0,0
258,0,0,0.4709416627883911,0,-0.0,0
258,0,0,0.4707392752170563,0,-0.0,0
258,0,0,0.47054368257522583,0,-0.0,0
258,0,0,0.47035571932792664,0,-0.0,0
258,0,0,0.4701750874519348,0,-0.0,0
258,0,0,0.47000762820243835,0,-0.0,0
258,0,0,0.46985453367233276,0,-0.0,0
258,0,0,0.4697069823741913,0,-0.0,0
258,0,0,0.46956562995910645,0,-0.0,0
258,0,0,0.46943020820617676,0,-0.0,0
258,0,0,0.46929875016212463,0,-0.0,0
258,0,0,0.46917054057121277,0,-0.0,0
258,0,0,0.4690507650375366,0,-0.0,0
258,0,0,0.46894073486328125,0,-0.0,0
258,0,0,0.46884506940841675,0,-0.0,0
258,0,0,0.4687535762786865,0,-0.0,0
258,0,0,0.4686651825904846,0,-0.0,0
258,0,0,0.46857982873916626,0,-0.0,0
258,0,0,0.4684978723526001,0,-0.0,0
258,0,0,0.4684208631515503,0,-0.0,0
258,0,0,0.4683462679386139,0,-0.0,0
258,0,0,0.46827349066734314,0,-0.0,0
258,0,0,0.4682028591632843,0,-0.0,0
258,0,0,0.46813449263572693,0,-0.0,0
258,0,0,0.4680676758289337,0,-0.0,0
258,0,0,0.46800240874290466,0,-0.0,0
258,0,0,0.4679412245750427,0,-0.0,0
258,0,0,0.46788233518600464,0,-0.0,0
258,0,0,0.4678250253200531,0,-0.0,0
258,0,0,0.46776846051216125,0,-0.0,0
258,0,0,0.4677130877971649,0,-0.0,0
258,0,0,0.467659056186676,0,-0.0,0
258,0,0,0.4676060676574707,0,-0.0,0
258,0,0,0.4675540626049042,0,-0.0,0
258,0,0,0.46750298142433167,0,-0.0,0
258,0,0,0.4674520194530487,0,-0.0,0
258,0,0,0.4674017131328583,0,-0.0,0
258,0,0,0.4673521816730499,0,-0.0,0
258,0,0,0.4673054814338684,0,-0.0,0
258,0,0,0.4672594368457794,0,-0.0,0
258,0,0,0.4672143757343292,0,-0.0,0
258,0,0,0.4671691954135895,0,-0.0,0
258,0,0,0.46712467074394226,0,-0.0,0
258,0,0,0.46708086133003235,0,-0.0,0
258,0,0,0.46703749895095825,0,-0.0,0
258,0,0,0.4669947922229767,0,-0.0,0
258,0,0,0.46695441007614136,0,-0.0,0
258,0,0,0.4669148921966553,0,-0.0,0
258,0,0,0.4668758809566498,0,-0.0,0
258,0,0,0.46683746576309204,0,-0.0,0
258,0,0,0.466799795627594,0,-0.0,0
258,0,0,0.4667631685733795,0,-0.0,0
258,0,0,0.4667293131351471,0,-0.0,0
258,0,0,0.4666959047317505,0,-0.0,0
258,0,0,0.4666629433631897,0,-0.0,0
258,0,0,0.46663063764572144,0,-0.0,0
258,0,0,0.46659865975379944,0,-0.0,0
258,0,0,0.4665674865245819,0,-0.0,0
258,0,0,0.46653681993484497,0,-0.0,0
258,0,0,0.46650639176368713,0,-0.0,0
258,0,0,0.4664766192436218,0,-0.0,0
258,0,0,0.46644672751426697,0,-0.0,0
258,0,0,0.4664171636104584,0,-0.0,0
258,0,0,0.46638837456703186,0,-0.0,0
258,0,0,0.46636006236076355,0,-0.0,0
258,0,0,0.4663321375846863,0,-0.0,0
258,0,0,0.466304749250412,0,-0.0,0
258,0,0,0.46627846360206604,0,-0.0,0
258,0,0,0.4662533700466156,0,-0.0,0
258,0,0,0.46622875332832336,0,-0.0,0
258,0,0,0.46620431542396545,0,-0.0,0
258,0,0,0.4661805331707001,0,-0.0,0
258,0,0,0.46615755558013916,0,-0.0,0
258,0,0,0.46613478660583496,0,-0.0,0
258,0,0,0.4661124050617218,0,-0.0,0
258,0,0,0.4660901129245758,0,-0.0,0
258,0,0,0.4660683274269104,0,-0.0,0
258,0,0,0.4660467207431793,0,-0.0,0
258,0,0,0.46602559089660645,0,-0.0,0
258,0,0,0.4660046696662903,0,-0.0,0
258,0,0,0.4659840762615204,0,-0.0,0
258,0,0,0.46596378087997437,0,-0.0,0
258,0,0,0.4659439027309418,0,-0.0,0
258,0,0,0.46592414379119873,0,-0.0,0
258,0,0,0.4659048914909363,0,-0.0,0
258,0,0,0.4658862054347992,0,-1.0,0
761,0,1,0.6222115159034729,1,0.6939290165901184,1
761,2,0,0.5731938481330872,1,0.5744879841804504,1
761,1,0,0.4427909851074219,0,0.5324869751930237,1
761,4,1,0.5171787738800049,1,0.6945300102233887,1
761,3,0,0.8678922057151794,1,0.8932999968528748,1
761,5,0,0.6717658638954163,1,0.7909770011901855,1
761,6,1,0.7277450561523438,1,0.9223989844322205,1
761,6,1,0.8924815654754639,1,0.9310160279273987,1
761,0,1,0.6596312522888184,1,0.7538800239562988,1
761,2,0,0.4101298749446869,0,0.46952199935913086,0
761,1,0,0.44664454460144043,0,0.47409600019454956,0
761,3,1,0.7420668601989746,1,0.7083179950714111,1
761,4,0,0.7106017470359802,1,0.7610849738121033,1
761,5,0,0.5847781300544739,1,0.7047439813613892,1
761,6,1,0.8653674125671387,1,0.9380519986152649,1
761,6,1,0.9274510145187378,1,0.9436990022659302,1
761,0,1,0.6389495730400085,1,0.8073019981384277,1
761,2,1,0.39923280477523804,0,0.42422300577163696,0
761,1,0,0.4723036587238312,0,0.4383769929409027,0
761,3,1,0.9114083647727966,1,0.7801600098609924,1
761,4,0,0.5409928560256958,1,0.6623860001564026,1
761,5,1,0.5640381574630737,1,0.634253978729248,1
761,6,1,0.9280047416687012,1,0.9481719732284546,1
761,6,1,0.9292952418327332,1,0.9516760110855103,1
761,0,0,0.692753791809082,1,0.8482210040092468,1
761,2,1,0.4181932210922241,0,0.48237401247024536,0
761,1,0,0.4660327434539795,0,0.4201880097389221,0
761,4,0,0.5320380926132202,1,0.5766509771347046,1
761,3,1,0.8855406641960144,1,0.8448410034179688,1
761,5,1,0.7884358167648315,1,0.7289990186691284,1
761,6,0,0.9271318316459656,1,0.954397976398468,1
761,6,1,0.7956542372703552,1,0.9142259955406189,1
761,0,1,0.5143089294433594,1,0.6966170072555542,1
761,2,1,0.453865647315979,0,0.5689989924430847,1
761,1,0,0.47929996252059937,0,0.4117870032787323,0
761,3,1,0.8955814838409424,1,0.8936650156974792,1
761,4,0,0.5633285641670227,1,0.5346230268478394,1
761,5,0,0.7847703695297241,1,0.7988730072975159,1
761,6,1,0.8521489500999451,1,0.9242219924926758,1
761,6,1,0.9200397729873657,1,0.9325159788131714,1
761,0,1,0.6120806336402893,1,0.7564719915390015,1
761,2,1,0.4513470530509949,0,0.6652039885520935,1
761,1,0,0.4692932665348053,0,0.4080820083618164,0
761,3,1,0.906944215297699,1,0.925836980342865,1
761,5,0,0.6345327496528625,1,0.7142199873924255,1
761,4,1,0.5141106843948364,1,0.5196760296821594,1
761,6,1,0.9227747917175293,1,0.9392629861831665,1
761,6,1,0.9256585240364075,1,0.9446629881858826,1
761,0,0,0.6701352000236511,1,0.8094210028648376,1
761,1,0,0.4589862525463104,0,0.4064820110797882,0
761,2,0,0.42918872833251953,0,0.7426829934120178,1
761,4,0,0.5749157071113586,1,0.5916619896888733,1
761,3,1,0.8516145944595337,1,0.9451829791069031,1
761,5,0,0.5978684425354004,1,0.6399189829826355,1
761,6,0,0.9054762125015259,1,0.9489290118217468,1
761,6,1,0.7710206508636475,1,0.8924279808998108,1
761,0,0,0.4958480894565582,0,0.6432639956474304,1
761,2,1,0.39821362495422363,0,0.6191669702529907,1
761,1,0,0.45626315474510193,0,0.40579700469970703,0
761,4,0,0.5320545434951782,1,0.540706992149353,1
761,3,1,0.8765840530395508,1,0.9561820030212402,1
761,5,0,0.5852017402648926,1,0.6034929752349854,1
761,6,1,0.8808112740516663,1,0.9054920077323914,1
761,6,1,0.9153873920440674,1,0.916824996471405,1
761,0,0,0.4766073226928711,0,0.546055018901825,1
761,1,0,0.44462817907333374,0,0.4055039882659912,0
761,2,1,0.4064696729183197,0,0.708611011505127,1
761,4,0,0.5343531966209412,1,0.5216699838638306,1
761,3,1,0.8974105715751648,1,0.9622359871864319,1
761,5,1,0.5846992135047913,1,0.5906220078468323,1
761,6,0,0.9168694019317627,1,0.9263960123062134,1
761,6,1,0.8003044724464417,1,0.8367840051651001,1
761,0,0,0.5035040974617004,1,0.5221779942512512,1
761,2,1,0.4235866367816925,0,0.7707539796829224,1
761,1,0,0.45893150568008423,0,0.4053800106048584,0
761,4,0,0.5300055146217346,1,0.5155990123748779,1
761,3,1,0.8796272277832031,1,0.9655100107192993,1
761,5,1,0.7233086824417114,1,0.6892809867858887,1
761,6,1,0.8967206478118896,1,0.8532540202140808,1
761,6,1,0.9148282408714294,1,0.8694249987602234,1
761,0,1,0.4906769394874573,0,0.517799973487854,1
761,1,0,0.4696785807609558,0,0.4053269922733307,0
761,2,0,0.43297311663627625,0,0.8054370284080505,1
761,3,1,0.889142632484436,1,0.9672639966011047,1
761,4,1,0.530398964881897,1,0.5137630105018616,1
761,5,1,0.7708166241645813,1,0.7719200253486633,1
761,6,0,0.9162350296974182,1,0.8847079873085022,1
761,6,1,0.818220317363739,1,0.7911810278892517,1
761,0,0,0.582170307636261,1,0.5253750085830688,1
761,1,0,0.45891469717025757,0,0.4053040146827698,0
761,2,0,0.40043264627456665,0,0.7412739992141724,1
761,3,1,0.8705080151557922,1,0.9681980013847351,1
761,4,1,0.6451065540313721,1,0.5839170217514038,1
761,5,1,0.7794469594955444,1,0.8248819708824158,1
761,6,1,0.899554967880249,1,0.804964005947113,1
761,6,1,0.9139472246170044,1,0.8201360106468201,1
761,0,0,0.5164896249771118,1,0.51836097240448,1
761,1,0,0.45536261796951294,0,0.4052950143814087,0
761,2,0,0.398698627948761,0,0.617106020450592,1
761,4,0,0.6611341834068298,1,0.6657000184059143,1
761,3,1,0.862744927406311,1,0.9686939716339111,1
761,5,1,0.7335728406906128,1,0.8532450199127197,1
761,6,1,0.9087189435958862,1,0.8362470269203186,1
761,6,1,0.9157270193099976,1,0.8527160286903381,1
761,0,0,0.49321889877319336,0,0.5171399712562561,1
761,1,1,0.45224103331565857,0,0.40529099106788635,0
761,2,0,0.40107664465904236,0,0.49500399827957153,0
761,3,1,0.8966166973114014,1,0.9689570069313049,1
761,4,0,0.5340578556060791,1,0.5787090063095093,1
761,5,1,0.7599851489067078,1,0.8669869899749756,1
761,6,1,0.9157218337059021,1,0.8689069747924805,1
761,6,1,0.9180519580841064,1,0.8842269778251648,1
761,0,1,0.4885236620903015,0,0.5169309973716736,1
761,1,1,0.5650598406791687,1,0.4744440019130707,0
761,2,0,0.4029138386249542,0,0.43348899483680725,0
761,3,1,0.9036998152732849,1,0.9690970182418823,1
761,4,1,0.5330011248588562,1,0.5354310274124146,1
761,5,1,0.806127667427063,1,0.873320996761322,1
761,6,1,0.9200001955032349,1,0.8982059955596924,1
761,6,1,0.9205016493797302,1,0.9105449914932251,1
761,0,1,0.6290156245231628,1,0.0,0
761,0,0,0.6427608728408813,1,-0.0,0
761,0,0,0.5124066472053528,1,-0.0,0
761,0,0,0.4832909107208252,0,-0.0,0
761,0,0,0.4763331711292267,0,-0.0,0
761,0,0,0.47303587198257446,0,-0.0,0
761,0,0,0.4712333679199219,0,-0.0,0
761,0,0,0.4700484573841095,0,-0.0,0
761,0,0,0.46920204162597656,0,-0.0,0
761,0,0,0.4685707092285156,0,-0.0,0
761,0,0,0.4681054949760437,0,-0.0,0
761,0,0,0.467741459608078,0,-0.0,0
761,0,0,0.4674434959888458,0,-0.0,0
761,0,0,0.46718543767929077,0,-0.0,0
761,0,0,0.4669593572616577,0,-0.0,0
761,0,0,0.46676576137542725,0,-0.0,0
761,0,0,0.4665966033935547,0,-0.0,0
761,0,0,0.46644410490989685,0,-0.0,0
761,0,0,0.4663054347038269,0,-0.0,0
761,0,0,0.4661775529384613,0,-0.0,0
761,0,0,0.46606525778770447,0,-0.0,0
761,0,0,0.46596285700798035,0,-0.0,0
761,0,0,0.4658668041229248,0,-0.0,0
761,0,0,0.46577760577201843,0,-0.0,0
761,0,0,0.46569201350212097,0,-0.0,0
761,0,0,0.4656100869178772,0,-0.0,0
761,0,0,0.4655323028564453,0,-0.0,0
761,0,0,0.46545857191085815,0,-0.0,0
761,0,0,0.4653904139995575,0,-0.0,0
761,0,0,0.4653259515762329,0,-0.0,0
761,0,0,0.46526598930358887,0,-0.0,0
761,0,0,0.4652080833911896,0,-0.0,0
761,0,0,0.465152770280838,0,-0.0,0
761,0,0,0.4650993347167969,0,-0.0,0
761,0,0,0.4650476574897766,0,-0.0,0
761,0,0,0.4649978578090668,0,-0.0,0
761,0,0,0.46495333313941956,0,-0.0,0
761,0,0,0.4649105668067932,0,-0.0,0
761,0,0,0.4648692309856415,0,-0.0,0
761,0,0,0.4648297131061554,0,-0.0,0
761,0,0,0.46479102969169617,0,-0.0,0
761,0,0,0.4647541642189026,0,-0.0,0
761,0,0,0.4647185206413269,0,-0.0,0
761,0,0,0.46468403935432434,0,-0.0,0
761,0,0,0.4646504521369934,0,-0.0,0
761,0,0,0.464617520570755,0,-0.0,0
761,0,0,0.46458539366722107,0,-0.0,0
761,0,0,0.4645540118217468,0,-0.0,0
761,0,0,0.4645233452320099,0,-0.0,0
761,0,0,0.4644932746887207,0,-0.0,0
761,0,0,0.464463472366333,0,-0.0,0
761,0,0,0.4644344747066498,0,-0.0,0
761,0,0,0.46440619230270386,0,-0.0,0
761,0,0,0.46437981724739075,0,-0.0,0
761,0,0,0.4643557071685791,0,-0.0,0
761,0,0,0.4643316864967346,0,-0.0,0
761,0,0,0.464308500289917,0,-0.0,0
761,0,0,0.4642859101295471,0,-0.0,0
761,0,0,0.46426379680633545,0,-0.0,0
761,0,0,0.46424221992492676,0,-0.0,0
761,0,0,0.4642210006713867,0,-0.0,0
761,0,0,0.4642001986503601,0,-0.0,0
761,0,0,0.46418076753616333,0,-0.0,0
761,0,0,0.4641611874103546,0,-0.0,0
761,0,0,0.4641416370868683,0,-0.0,0
761,0,0,0.4641225337982178,0,-0.0,0
761,0,0,0.4641038179397583,0,-0.0,0
761,0,0,0.46408534049987793,0,-0.0,0
761,0,0,0.46406736969947815,0,-0.0,0
761,0,0,0.46404939889907837,0,-0.0,0
761,0,0,0.4640319347381592,0,-0.0,0
761,0,0,0.46401530504226685,0,-0.0,0
761,0,0,0.4639994502067566,0,-0.0,0
761,0,0,0.46398383378982544,0,-0.0,0
761,0,0,0.4639684855937958,0,-0.0,0
761,0,0,0.4639536142349243,0,-0.0,0
761,0,0,0.46393895149230957,0,-0.0,0
761,0,0,0.46392473578453064,0,-0.0,0
761,0,0,0.46391066908836365,0,-0.0,0
761,0,0,0.4638967216014862,0,-1.0,0
1035,20,0,0.7503944635391235,1,0.7325199842453003,1
1035,20,0,0.5323516726493835,1,0.6025609970092773,1
1035,21,1,0.6405520439147949,1,0.9015049934387207,1
1035,21,1,0.8789921402931213,1,0.9039599895477295,1
1035,21,1,0.92913818359375,1,0.9062770009040833,1
1035,21,1,0.9292548298835754,1,0.9084540009498596,1
1035,21,1,0.9292582869529724,1,0.9104880094528198,1
1035,21,1,0.9292589426040649,1,0.9123799800872803,1
1035,21,1,0.9292585849761963,1,0.9141319990158081,1
1035,21,1,0.9292575716972351,1,0.9157490134239197,1
1035,21,1,0.92925626039505,1,0.9172350168228149,1
1035,21,1,0.9292551279067993,1,0.9185960292816162,1
1035,21,0,0.9292540550231934,1,0.9198390245437622,1
1035,21,0,0.8748698234558105,1,0.9072989821434021,1
1035,21,0,0.7375841736793518,1,0.8874599933624268,1
1035,22,1,0.7604807019233704,1,0.8638690114021301,1
1035,22,1,0.8617181181907654,1,0.8715270161628723,1
1035,22,1,0.8762503862380981,1,0.8783929944038391,1
1035,22,1,0.8764897584915161,1,0.8844460248947144,1
1035,22,1,0.8765188455581665,1,0.8897050023078918,1
1035,22,1,0.8765051960945129,1,0.8942170143127441,1
1035,22,1,0.876483678817749,1,0.8980439901351929,1
1035,22,1,0.8764607906341553,1,0.9012609720230103,1
1035,22,1,0.8764391541481018,1,0.9039440155029297,1
1035,22,0,0.8764193058013916,1,0.9061660170555115,1
1035,22,1,0.7969741225242615,1,0.8886629939079285,1
1035,22,1,0.8602783679962158,1,0.893326997756958,1
1035,22,0,0.871661901473999,1,0.8972920179367065,1
1035,25,1,0.7739202380180359,1,0.6179199814796448,1
1035,20,1,0.8175385594367981,1,0.4457690119743347,0
1035,21,1,0.907982587814331,1,0.8651059865951538,1
1035,21,1,0.9256910085678101,1,0.8680499792098999,1
1035,21,1,0.9286758303642273,1,0.8710659742355347,1
1035,21,1,0.929053783416748,1,0.8741350173950195,1
1035,21,1,0.9291889071464539,1,0.8772370219230652,1
1035,21,1,0.9292504787445068,1,0.8803489804267883,1
1035,21,1,0.9292797446250916,1,0.8834490180015564,1
1035,21,1,0.929294228553772,1,0.8865169882774353,1
1035,21,1,0.9293016195297241,1,0.8895300030708313,1
1035,21,1,0.9293052554130554,1,0.8924700021743774,1
1035,21,0,0.9293068051338196,1,0.8953189849853516,1
1035,21,0,0.9049495458602905,1,0.8729479908943176,1
1035,21,1,0.8220415115356445,1,0.8531749844551086,1
1035,21,1,0.9074161052703857,1,0.8556119799613953,1
1035,22,1,0.8578046560287476,1,0.8684409856796265,1
1035,22,1,0.8736265897750854,1,0.8756409883499146,1
1035,22,1,0.8758580684661865,1,0.8820310235023499,1
1035,22,0,0.8763270974159241,1,0.887615978717804,1
1035,22,1,0.8244134783744812,1,0.8500319719314575,1
1035,22,1,0.8642427325248718,1,0.8588089942932129,1
1035,22,1,0.8713288903236389,1,0.8669229745864868,1
1035,22,0,0.8738126158714294,1,0.8742799758911133,1
1035,22,1,0.8252431154251099,1,0.8293030261993408,1
1035,22,1,0.8629379868507385,1,0.8389610052108765,1
1035,22,0,0.8699979186058044,1,0.848330020904541,1
1035,22,0,0.818439245223999,1,0.7994160056114197,1
1035,22,1,0.727619469165802,1,0.7641069889068604,1
1035,22,1,0.8279515504837036,1,0.7695159912109375,1
1035,24,1,0.8086820244789124,1,0.6880589723587036,1
1035,20,1,0.8501328825950623,1,0.5621740221977234,1
1035,21,1,0.9242275357246399,1,0.8581820130348206,1
1035,21,1,0.928095281124115,1,0.8608739972114563,1
1035,21,1,0.9286812543869019,1,0.863677978515625,1
1035,21,1,0.9289440512657166,1,0.866578996181488,1
1035,21,1,0.9290823340415955,1,0.8695619702339172,1
1035,21,1,0.9291576147079468,1,0.8726080060005188,1
1035,21,1,0.9292013645172119,1,0.8756960034370422,1
1035,22,1,0.8766399621963501,1,0.0,0
1035,0,0,0.7757713794708252,1,-0.0,0
1035,0,0,0.593595027923584,1,-0.0,0
1035,0,0,0.5037842988967896,1,-0.0,0
1035,0,0,0.4959128499031067,0,-0.0,0
1035,0,0,0.4922803044319153,0,-0.0,0
1035,0,0,0.48961687088012695,0,-0.0,0
1035,0,0,0.4875158965587616,0,-0.0,0
1035,0,0,0.48578110337257385,0,-0.0,0
1035,0,0,0.4843302071094513,0,-0.0,0
1035,0,0,0.48309242725372314,0,-0.0,0
1035,0,0,0.4820099472999573,0,-0.0,0
1035,0,0,0.4810386002063751,0,-0.0,0
1035,0,0,0.48021939396858215,0,-0.0,0
1035,0,0,0.4794813096523285,0,-0.0,0
1035,0,0,0.478805273771286,0,-0.0,0
1035,0,0,0.4782068431377411,0,-0.0,0
1035,0,0,0.47764864563941956,0,-0.0,0
1035,0,0,0.47712916135787964,0,-0.0,0
1035,0,0,0.4766360819339752,0,-0.0,0
1035,0,0,0.47617125511169434,0,-0.0,0
1035,0,0,0.4757409691810608,0,-0.0,0
1035,0,0,0.4753356873989105,0,-0.0,0
1035,0,0,0.4749578535556793,0,-0.0,0
1035,0,0,0.47459936141967773,0,-0.0,0
1035,0,0,0.47425922751426697,0,-0.0,0
1035,0,0,0.4739362895488739,0,-0.0,0
1035,0,0,0.4736299514770508,0,-0.0,0
1035,0,0,0.47333449125289917,0,-0.0,0
1035,0,0,0.473058819770813,0,-0.0,0
1035,0,0,0.47279441356658936,0,-0.0,0
1035,0,0,0.47253939509391785,0,-0.0,0
1035,0,0,0.4723098874092102,0,-0.0,0
1035,0,0,0.4720912277698517,0,-0.0,0
1035,0,0,0.4718846082687378,0,-0.0,0
1035,0,0,0.4716898500919342,0,-0.0,0
1035,0,0,0.4715062975883484,0,-0.0,0
1035,0,0,0.471328467130661,0,-0.0,0
1035,0,0,0.47115543484687805,0,-0.0,0
1035,0,0,0.47098782658576965,0,-0.0,0
1035,0,0,0.47082826495170593,0,-0.0,0
1035,0,0,0.47067710757255554,0,-0.0,0
1035,0,0,0.47053343057632446,0,-0.0,0
1035,0,0,0.4703941345214844,0,-0.0,0
1035,0,0,0.4702598452568054,0,-0.0,0
1035,0,0,0.47012943029403687,0,-0.0,0
1035,0,0,0.47000300884246826,0,-0.0,0
1035,0,0,0.46988147497177124,0,-0.0,0
1035,0,0,0.46976718306541443,0,-0.0,0
1035,0,0,0.4696558713912964,0,-0.0,0
1035,0,0,0.46954482793807983,0,-0.0,0
1035,0,0,0.4694364070892334,0,-0.0,0
1035,0,0,0.46933144330978394,0,-0.0,0
1035,0,0,0.46922892332077026,0,-0.0,0
1035,0,0,0.4691292345523834,0,-0.0,0
1035,0,0,0.4690314531326294,0,-0.0,0
1035,0,0,0.46893879771232605,0,-0.0,0
1035,0,0,0.4688540995121002,0,-0.0,0
1035,0,0,0.46877068281173706,0,-0.0,0
1035,0,0,0.46868884563446045,0,-0.0,0
1035,0,0,0.4686102867126465,0,-0.0,0
1035,0,0,0.468536913394928,0,-0.0,0
1035,0,0,0.4684653878211975,0,-0.0,0
1035,0,0,0.4683956503868103,0,-0.0,0
1035,0,0,0.4683273434638977,0,-0.0,0
1035,0,0,0.4682610332965851,0,-0.0,0
1035,0,0,0.46819648146629333,0,-0.0,0
1035,0,0,0.4681330919265747,0,-0.0,0
1035,0,0,0.46807146072387695,0,-0.0,0
1035,0,0,0.46801212430000305,0,-0.0,0
1035,0,0,0.467954158782959,0,-0.0,0
1035,0,0,0.4678988754749298,0,-0.0,0
1035,0,0,0.46784546971321106,0,-0.0,0
1035,0,0,0.4677931070327759,0,-0.0,0
1035,0,0,0.46774187684059143,0,-0.0,0
1035,0,0,0.4676918089389801,0,-0.0,0
1035,0,0,0.46764230728149414,0,-0.0,0
1035,0,0,0.46759268641471863,0,-0.0,0
1035,0,0,0.4675435423851013,0,-0.0,0
1035,0,0,0.46749523282051086,0,-0.0,0
1035,0,0,0.4674476981163025,0,-0.0,0
1035,0,0,0.46740129590034485,0,-0.0,0
1035,0,0,0.4673571288585663,0,-0.0,0
1035,0,0,0.4673137068748474,0,-0.0,0
1035,0,0,0.4672711491584778,0,-0.0,0
1035,0,0,0.46722930669784546,0,-0.0,0
1035,0,0,0.4671890437602997,0,-0.0,0
1035,0,0,0.46714943647384644,0,-0.0,0
1035,0,0,0.4671126902103424,0,-0.0,0
1035,0,0,0.4670770764350891,0,-0.0,0
1035,0,0,0.46704205870628357,0,-0.0,0
1035,0,0,0.46700748801231384,0,-0.0,0
1035,0,0,0.4669748842716217,0,-0.0,0
1035,0,0,0.46694329380989075,0,-0.0,0
1035,0,0,0.4669122099876404,0,-0.0,0
1035,0,0,0.46688148379325867,0,-0.0,0
1035,0,0,0.4668513238430023,0,-0.0,0
1035,0,0,0.4668215215206146,0,-0.0,0
1035,0,0,0.46679237484931946,0,-0.0,0
1035,0,0,0.46676379442214966,0,-0.0,0
1035,0,0,0.46673575043678284,0,-0.0,0
1035,0,0,0.4667084217071533,0,-0.0,0
1035,0,0,0.4666809141635895,0,-0.0,0
1035,0,0,0.46665406227111816,0,-0.0,0
1035,0,0,0.466629296541214,0,-0.0,0
1035,0,0,0.46660488843917847,0,-0.0,0
1035,0,0,0.4665810167789459,0,-0.0,0
1035,0,0,0.4665575623512268,0,-0.0,0
1035,0,0,0.46653515100479126,0,-0.0,0
1035,0,0,0.4665128290653229,0,-0.0,0
1035,0,0,0.4664907455444336,0,-0.0,0
1035,0,0,0.46646934747695923,0,-0.0,0
1035,0,0,0.4664478898048401,0,-0.0,0
1035,0,0,0.4664267301559448,0,-0.0,0
1035,0,0,0.46640586853027344,0,-0.0,0
1035,0,0,0.4663854241371155,0,-0.0,0
1035,0,0,0.4663652181625366,0,-0.0,0
1035,0,0,0.4663451910018921,0,-0.0,0
1035,0,0,0.4663253724575043,0,-0.0,0
1035,0,0,0.4663058817386627,0,-0.0,0
1035,0,0,0.4662865102291107,0,-0.0,0
1035,0,0,0.46626752614974976,0,-0.0,0
1035,0,0,0.46624860167503357,0,-0.0,0
1035,0,0,0.466230571269989,0,-0.0,0
1035,0,0,0.46621274948120117,0,-0.0,0
1035,0,0,0.46619540452957153,0,-0.0,0
1035,0,0,0.4661780893802643,0,-0.0,0
1035,0,0,0.46616265177726746,0,-0.0,0
1035,0,0,0.4661473035812378,0,-0.0,0
1035,0,0,0.4661322236061096,0,-0.0,0
1035,0,0,0.46611738204956055,0,-0.0,0
1035,0,0,0.4661027491092682,0,-0.0,0
1035,0,0,0.46608826518058777,0,-1.0,0
455,51,0,0.7787213325500488,1,0.7321820259094238,1
455,61,1,0.49666187167167664,0,0.7922970056533813,1
455,62,1,0.6663625836372375,1,0.760673999786377,1
455,63,1,0.807761013507843,1,0.5442870259284973,1
455,64,0,0.8163156509399414,1,0.794156014919281,1
455,65,1,0.6286473870277405,1,0.8415589928627014,1
455,66,1,0.7494914531707764,1,0.8339679837226868,1
455,67,1,0.8186919093132019,1,0.8634859919548035,1
455,51,0,0.8102880716323853,1,0.6089820265769958,1
455,61,1,0.7703618407249451,1,0.8524109721183777,1
455,62,1,0.8358076214790344,1,0.7851250171661377,1
455,63,1,0.8326006531715393,1,0.6012210249900818,1
455,64,1,0.7224868535995483,1,0.7238060235977173,1
455,65,1,0.848900556564331,1,0.8678939938545227,1
455,66,1,0.8145628571510315,1,0.8509079813957214,1
455,67,1,0.8459392786026001,1,0.9134420156478882,1
455,51,1,0.7407974600791931,1,0.544471025466919,1
455,61,1,0.8331881165504456,1,0.8885679841041565,1
455,62,1,0.8440284729003906,1,0.8067770004272461,1
455,63,1,0.8367535471916199,1,0.645592987537384,1
455,64,1,0.8260883092880249,1,0.7535340189933777,1
455,65,0,0.8540273904800415,1,0.8879290223121643,1
455,66,1,0.7370809316635132,1,0.8635609745979309,1
455,67,1,0.8292679786682129,1,0.9159420132637024,1
455,51,1,0.8429460525512695,1,0.6627150177955627,1
455,61,1,0.8311160206794739,1,0.907958984375,1
455,62,1,0.8439809679985046,1,0.8248559832572937,1
455,63,0,0.835905134677887,1,0.6747480034828186,1
455,64,1,0.7472555637359619,1,0.7832540273666382,1
455,65,0,0.787696361541748,1,0.7959809899330139,1
455,66,1,0.7494041919708252,1,0.8726879954338074,1
455,67,1,0.8343860507011414,1,0.9160599708557129,1
455,51,1,0.8444501161575317,1,0.7661309838294983,1
455,61,1,0.8303365707397461,1,0.9177230000495911,1
455,62,1,0.8436020016670227,1,0.8392239809036255,1
455,63,1,0.7768906950950623,1,0.6522970199584961,1
455,64,1,0.8288536071777344,1,0.8107089996337891,1
455,65,1,0.7680284380912781,1,0.7011399865150452,1
455,66,1,0.8141313791275024,1,0.8791069984436035,1
455,67,1,0.8479198217391968,1,0.9160659909248352,1
455,51,1,0.850193440914154,1,0.8304110169410706,1
455,61,1,0.833469808101654,1,0.9224820137023926,1
455,62,1,0.8454427123069763,1,0.8502020239830017,1
455,63,1,0.8351981043815613,1,0.6788079738616943,1
455,64,1,0.8283295035362244,1,0.8342850208282471,1
455,65,0,0.8535539507865906,1,0.7356560230255127,1
455,66,1,0.7699715495109558,1,0.883542001247406,1
455,67,1,0.8348498344421387,1,0.9160659909248352,1
455,51,1,0.8432382345199585,1,0.8622959852218628,1
455,61,1,0.8305469155311584,1,0.9247660040855408,1
455,62,1,0.8439804911613464,1,0.8583379983901978,1
455,63,0,0.834768533706665,1,0.6940780282020569,1
455,64,1,0.7766478657722473,1,0.8532900214195251,1
455,65,1,0.8031672239303589,1,0.6747609972953796,1
455,66,1,0.7954725623130798,1,0.886568009853363,1
455,67,1,0.8435869216918945,1,0.9160659909248352,1
455,51,1,0.8475315570831299,1,0.8763489723205566,1
455,61,1,0.8314686417579651,1,0.9258540272712708,1
455,62,1,0.8444538116455078,1,0.864234983921051,1
455,63,1,0.7979060411453247,1,0.0,0
455,0,0,0.7599158883094788,1,-0.0,0
455,0,0,0.5824106335639954,1,-0.0,0
455,0,0,0.49738118052482605,0,-0.0,0
455,0,0,0.4903000295162201,0,-0.0,0
455,0,0,0.4869377911090851,0,-0.0,0
455,0,0,0.48440590500831604,0,-0.0,0
455,0,0,0.4824639856815338,0,-0.0,0
455,0,0,0.4809379279613495,0,-0.0,0
455,0,0,0.4797079563140869,0,-0.0,0
455,0,0,0.47864314913749695,0,-0.0,0
455,0,0,0.4777286946773529,0,-0.0,0
455,0,0,0.47693806886672974,0,-0.0,0
455,0,0,0.4762297570705414,0,-0.0,0
455,0,0,0.47557681798934937,0,-0.0,0
455,0,0,0.47499412298202515,0,-0.0,0
455,0,0,0.474466472864151,0,-0.0,0
455,0,0,0.4739920496940613,0,-0.0,0
455,0,0,0.473558634519577,0,-0.0,0
455,0,0,0.4731544852256775,0,-0.0,0
455,0,0,0.4727775752544403,0,-0.0,0
455,0,0,0.47242677211761475,0,-0.0,0
455,0,0,0.4721035063266754,0,-0.0,0
455,0,0,0.4717969298362732,0,-0.0,0
455,0,0,0.4715103209018707,0,-0.0,0
455,0,0,0.47123751044273376,0,-0.0,0
455,0,0,0.4709719717502594,0,-0.0,0
455,0,0,0.47071921825408936,0,-0.0,0
455,0,0,0.47048455476760864,0,-0.0,0
455,0,0,0.4702635407447815,0,-0.0,0
455,0,0,0.47007015347480774,0,-0.0,0
455,0,0,0.46989011764526367,0,-0.0,0
455,0,0,0.4697169363498688,0,-0.0,0
455,0,0,0.46955007314682007,0,-0.0,0
455,0,0,0.46938997507095337,0,-0.0,0
455,0,0,0.4692339599132538,0,-0.0,0
455,0,0,0.4690830707550049,0,-0.0,0
455,0,0,0.4689401686191559,0,-0.0,0
455,0,0,0.4688028395175934,0,-0.0,0
455,0,0,0.4686703085899353,0,-0.0,0
455,0,0,0.46855029463768005,0,-0.0,0
455,0,0,0.4684453308582306,0,-0.0,0
455,0,0,0.4683445990085602,0,-0.0,0
455,0,0,0.468248188495636,0,-0.0,0
455,0,0,0.46815523505210876,0,-0.0,0
455,0,0,0.46806517243385315,0,-0.0,0
455,0,0,0.46797823905944824,0,-0.0,0
455,0,0,0.46789371967315674,0,-0.0,0
455,0,0,0.4678122401237488,0,-0.0,0
455,0,0,0.4677325189113617,0,-0.0,0
455,0,0,0.46765515208244324,0,-0.0,0
455,0,0,0.4675801694393158,0,-0.0,0
455,0,0,0.4675070345401764,0,-0.0,0
455,0,0,0.46743619441986084,0,-0.0,0
455,0,0,0.4673670828342438,0,-0.0,0
455,0,0,0.4672999382019043,0,-0.0,0
455,0,0,0.46723395586013794,0,-0.0,0
455,0,0,0.46717023849487305,0,-0.0,0
455,0,0,0.46710777282714844,0,-0.0,0
455,0,0,0.46704769134521484,0,-0.0,0
455,0,0,0.4669884145259857,0,-0.0,0
455,0,0,0.4669315814971924,0,-0.0,0
455,0,0,0.46687769889831543,0,-0.0,0
455,0,0,0.4668264389038086,0,-0.0,0
455,0,0,0.4667762517929077,0,-0.0,0
455,0,0,0.4667282700538635,0,-0.0,0
455,0,0,0.4666818380355835,0,-0.0,0
455,0,0,0.46663719415664673,0,-0.0,0
455,0,0,0.4665938913822174,0,-0.0,0
455,0,0,0.46655112504959106,0,-0.0,0
455,0,0,0.4665091037750244,0,-0.0,0
455,0,0,0.46646812558174133,0,-0.0,0
455,0,0,0.46642744541168213,0,-0.0,0
455,0,0,0.4663875997066498,0,-0.0,0
455,0,0,0.46634888648986816,0,-0.0,0
455,0,0,0.4663131535053253,0,-0.0,0
455,0,0,0.4662778079509735,0,-0.0,0
455,0,0,0.4662446677684784,0,-0.0,0
455,0,0,0.4662128984928131,0,-0.0,0
455,0,0,0.46618202328681946,0,-0.0,0
455,0,0,0.46615156531333923,0,-0.0,0
455,0,0,0.4661216139793396,0,-0.0,0
455,0,0,0.46609219908714294,0,-0.0,0
455,0,0,0.46606361865997314,0,-0.0,0
455,0,0,0.4660349190235138,0,-0.0,0
455,0,0,0.46600717306137085,0,-0.0,0
455,0,0,0.4659797251224518,0,-0.0,0
455,0,0,0.46595466136932373,0,-0.0,0
455,0,0,0.4659305512905121,0,-0.0,0
455,0,0,0.46590664982795715,0,-0.0,0
455,0,0,0.46588370203971863,0,-0.0,0
455,0,0,0.46586161851882935,0,-0.0,0
455,0,0,0.46583956480026245,0,-0.0,0
455,0,0,0.4658176898956299,0,-0.0,0
455,0,0,0.46579602360725403,0,-0.0,0
455,0,0,0.46577486395835876,0,-0.0,0
455,0,0,0.4657541811466217,0,-0.0,0
455,0,0,0.4657336473464966,0,-0.0,0
455,0,0,0.465713769197464,0,-0.0,0
455,0,0,0.4656941294670105,0,-0.0,0
455,0,0,0.4656746983528137,0,-0.0,0
455,0,0,0.4656558632850647,0,-0.0,0
455,0,0,0.4656374752521515,0,-0.0,0
455,0,0,0.4656190574169159,0,-0.0,0
455,0,0,0.4656011760234833,0,-0.0,0
455,0,0,0.46558329463005066,0,-0.0,0
455,0,0,0.465565949678421,0,-0.0,0
455,0,0,0.4655487835407257,0,-0.0,0
455,0,0,0.4655318260192871,0,-0.0,0
455,0,0,0.4655151963233948,0,-0.0,0
455,0,0,0.46549907326698303,0,-0.0,0
455,0,0,0.46548327803611755,0,-0.0,0
455,0,0,0.4654676616191864,0,-0.0,0
455,0,0,0.46545231342315674,0,-0.0,0
455,0,0,0.4654372036457062,0,-0.0,0
455,0,0,0.46542221307754517,0,-0.0,0
455,0,0,0.4654076099395752,0,-0.0,0
455,0,0,0.4653930962085724,0,-0.0,0
455,0,0,0.46537894010543823,0,-0.0,0
455,0,0,0.4653647840023041,0,-0.0,0
455,0,0,0.4653508961200714,0,-0.0,0
455,0,0,0.4653371274471283,0,-0.0,0
455,0,0,0.46532347798347473,0,-0.0,0
455,0,0,0.4653100073337555,0,-0.0,0
455,0,0,0.46529653668403625,0,-0.0,0
455,0,0,0.46528342366218567,0,-0.0,0
455,0,0,0.46527042984962463,0,-0.0,0
455,0,0,0.46525752544403076,0,-0.0,0
455,0,0,0.46524491906166077,0,-0.0,0
455,0,0,0.4652322828769684,0,-0.0,0
455,0,0,0.46522098779678345,0,-0.0,0
455,0,0,0.4652101397514343,0,-0.0,0
455,0,0,0.46519961953163147,0,-0.0,0
455,0,0,0.4651890993118286,0,-0.0,0
455,0,0,0.46517887711524963,0,-0.0,0
455,0,0,0.4651687741279602,0,-0.0,0
455,0,0,0.4651590585708618,0,-0.0,0
455,0,0,0.4651496708393097,0,-0.0,0
455,0,0,0.46514034271240234,0,-0.0,0
455,0,0,0.46513131260871887,0,-0.0,0
455,0,0,0.46512240171432495,0,-1.0,0
