student_num,global_idx,step,skill_id,true_answer,prediction,correct,gain,mastery,total_steps,unique_skills
1,6,1,24,1,0.798169,1,0.000000,0.693147,10,3
1,6,2,24,1,0.863507,1,0.000000,0.693147,10,3
1,6,3,24,0,0.512133,0,0.000000,0.693147,10,3
1,6,4,27,0,0.653830,0,0.000000,0.693147,10,3
1,6,5,27,1,0.709359,1,0.000000,0.693147,10,3
1,6,6,27,1,0.723844,1,0.000000,0.693147,10,3
1,6,7,27,1,0.695358,1,0.000000,0.693147,10,3
1,6,8,27,1,0.650001,1,0.000000,0.693147,10,3
1,6,9,41,1,0.771046,1,0.000000,0.693147,10,3
1,6,10,41,1,0.791447,1,0.000000,0.693147,10,3
2,311,1,89,0,0.617485,0,0.000000,0.693147,13,3
2,311,2,90,1,0.688035,1,0.000000,0.693147,13,3
2,311,3,90,1,0.744180,1,0.000000,0.693147,13,3
2,311,4,90,1,0.770887,1,0.000000,0.693147,13,3
2,311,5,90,0,0.620790,0,0.000000,0.693147,13,3
2,311,6,89,0,0.629584,0,0.000000,0.693147,13,3
2,311,7,89,1,0.574613,1,0.000000,0.693147,13,3
2,311,8,89,1,0.712713,1,0.000000,0.693147,13,3
2,311,9,89,1,0.803509,1,0.000000,0.693147,13,3
2,311,10,89,0,0.762517,0,0.000000,0.693147,13,3
2,311,11,95,1,0.743217,1,0.000000,0.693147,13,3
2,311,12,95,1,0.823867,1,0.000000,0.693147,13,3
2,311,13,95,1,0.830494,1,0.000000,0.693147,13,3
3,415,1,20,1,0.790870,1,0.000000,0.693147,16,5
3,415,2,20,1,0.851539,1,0.000000,0.693147,16,5
3,415,3,20,1,0.768483,1,0.000000,0.693147,16,5
3,415,4,22,1,0.854642,1,0.000000,0.693147,16,5
3,415,5,22,1,0.845444,1,0.000000,0.693147,16,5
3,415,6,22,1,0.888679,1,0.000000,0.693147,16,5
3,415,7,67,1,0.923569,1,0.000000,0.693147,16,5
3,415,8,67,1,0.921598,1,0.000000,0.693147,16,5
3,415,9,67,1,0.902687,1,0.000000,0.693147,16,5
3,415,10,57,1,0.917427,1,0.000000,0.693147,16,5
3,415,11,57,1,0.884310,1,0.000000,0.693147,16,5
3,415,12,57,1,0.876731,1,0.000000,0.693147,16,5
3,415,13,33,0,0.825450,0,0.000000,0.693147,16,5
3,415,14,33,1,0.881377,1,0.000000,0.693147,16,5
3,415,15,33,1,0.865314,1,0.000000,0.693147,16,5
3,415,16,33,1,0.829902,1,0.000000,0.693147,16,5
4,278,1,79,0,0.870069,0,0.000000,0.693147,22,6
4,278,2,7,0,0.507737,0,0.000000,0.693147,22,6
4,278,3,2,1,0.509285,1,0.000000,0.693147,22,6
4,278,4,2,1,0.604478,1,0.000000,0.693147,22,6
4,278,5,2,0,0.620475,0,0.000000,0.693147,22,6
4,278,6,2,1,0.440080,0,0.000000,0.693147,22,6
4,278,7,2,0,0.562902,0,0.000000,0.693147,22,6
4,278,8,78,1,0.658519,1,0.000000,0.693147,22,6
4,278,9,12,0,0.772950,0,0.000000,0.693147,22,6
4,278,10,12,1,0.850063,1,0.000000,0.693147,22,6
4,278,11,7,1,0.882988,1,0.000000,0.693147,22,6
4,278,12,7,1,0.905402,1,0.000000,0.693147,22,6
4,278,13,7,1,0.818580,1,0.000000,0.693147,22,6
4,278,14,63,1,0.883156,1,0.000000,0.693147,22,6
4,278,15,63,1,0.899426,1,0.000000,0.693147,22,6
4,278,16,63,1,0.900858,1,0.000000,0.693147,22,6
4,278,17,63,0,0.777054,0,0.000000,0.693147,22,6
4,278,18,79,0,0.772109,0,0.000000,0.693147,22,6
4,278,19,79,1,0.616495,1,0.000000,0.693147,22,6
4,278,20,78,1,0.902306,1,0.000000,0.693147,22,6
4,278,21,78,1,0.894526,1,0.000000,0.693147,22,6
4,278,22,78,0,0.734228,0,0.000000,0.693147,22,6
5,372,1,47,1,0.719650,1,0.000000,0.693147,28,7
5,372,2,47,1,0.771104,1,0.000000,0.693147,28,7
5,372,3,47,1,0.853875,1,0.000000,0.693147,28,7
5,372,4,37,1,0.904915,1,0.000000,0.693147,28,7
5,372,5,37,1,0.910433,1,0.000000,0.693147,28,7
5,372,6,37,1,0.861558,1,0.000000,0.693147,28,7
5,372,7,46,1,0.880256,1,0.000000,0.693147,28,7
5,372,8,46,1,0.871073,1,0.000000,0.693147,28,7
5,372,9,46,1,0.877808,1,0.000000,0.693147,28,7
5,372,10,46,1,0.855371,1,0.000000,0.693147,28,7
5,372,11,39,1,0.881733,1,0.000000,0.693147,28,7
5,372,12,39,1,0.859323,1,0.000000,0.693147,28,7
5,372,13,39,1,0.801919,1,0.000000,0.693147,28,7
5,372,14,59,1,0.840034,1,0.000000,0.693147,28,7
5,372,15,59,1,0.842303,1,0.000000,0.693147,28,7
5,372,16,59,1,0.824543,1,0.000000,0.693147,28,7
5,372,17,23,1,0.856776,1,0.000000,0.693147,28,7
5,372,18,23,1,0.873369,1,0.000000,0.693147,28,7
5,372,19,23,1,0.748035,1,0.000000,0.693147,28,7
5,372,20,49,1,0.723423,1,0.000000,0.693147,28,7
5,372,21,49,1,0.780422,1,0.000000,0.693147,28,7
5,372,22,49,1,0.722406,1,0.000000,0.693147,28,7
5,372,23,49,1,0.760876,1,0.000000,0.693147,28,7
5,372,24,49,1,0.777780,1,0.000000,0.693147,28,7
5,372,25,23,1,0.902167,1,0.000000,0.693147,28,7
5,372,26,23,1,0.866070,1,0.000000,0.693147,28,7
5,372,27,23,1,0.891982,1,0.000000,0.693147,28,7
5,372,28,23,1,0.861096,1,0.000000,0.693147,28,7
6,203,1,1,1,0.675490,1,0.000000,0.693147,37,9
6,203,2,1,1,0.840425,1,0.000000,0.693147,37,9
6,203,3,1,1,0.847323,1,0.000000,0.693147,37,9
6,203,4,1,1,0.529129,1,0.000000,0.693147,37,9
6,203,5,14,0,0.786307,0,0.000000,0.693147,37,9
6,203,6,14,1,0.610335,1,0.000000,0.693147,37,9
6,203,7,14,1,0.747184,1,0.000000,0.693147,37,9
6,203,8,14,1,0.799863,1,0.000000,0.693147,37,9
6,203,9,14,1,0.656879,1,0.000000,0.693147,37,9
6,203,10,76,1,0.902561,1,0.000000,0.693147,37,9
6,203,11,7,0,0.891546,0,0.000000,0.693147,37,9
6,203,12,7,0,0.782223,0,0.000000,0.693147,37,9
6,203,13,7,1,0.699792,1,0.000000,0.693147,37,9
6,203,14,7,1,0.782484,1,0.000000,0.693147,37,9
6,203,15,7,1,0.818979,1,0.000000,0.693147,37,9
6,203,16,7,1,0.665912,1,0.000000,0.693147,37,9
6,203,17,0,0,0.807281,0,0.000000,0.693147,37,9
6,203,18,0,1,0.440711,0,0.000000,0.693147,37,9
6,203,19,0,1,0.754846,1,0.000000,0.693147,37,9
6,203,20,0,1,0.743228,1,0.000000,0.693147,37,9
6,203,21,0,1,0.807284,1,0.000000,0.693147,37,9
6,203,22,10,1,0.864526,1,0.000000,0.693147,37,9
6,203,23,10,1,0.861783,1,0.000000,0.693147,37,9
6,203,24,10,1,0.683843,1,0.000000,0.693147,37,9
6,203,25,75,1,0.684745,1,0.000000,0.693147,37,9
6,203,26,75,1,0.730268,1,0.000000,0.693147,37,9
6,203,27,75,1,0.879262,1,0.000000,0.693147,37,9
6,203,28,77,1,0.901767,1,0.000000,0.693147,37,9
6,203,29,77,1,0.908404,1,0.000000,0.693147,37,9
6,203,30,77,1,0.828974,1,0.000000,0.693147,37,9
6,203,31,10,0,0.883452,0,0.000000,0.693147,37,9
6,203,32,10,1,0.653350,1,0.000000,0.693147,37,9
6,203,33,10,1,0.846357,1,0.000000,0.693147,37,9
6,203,34,10,1,0.825026,1,0.000000,0.693147,37,9
6,203,35,10,1,0.664786,1,0.000000,0.693147,37,9
6,203,36,74,1,0.781608,1,0.000000,0.693147,37,9
6,203,37,74,1,0.744733,1,0.000000,0.693147,37,9
7,261,1,51,0,0.643080,0,0.000000,0.693147,48,9
7,261,2,51,1,0.516608,1,0.000000,0.693147,48,9
7,261,3,51,1,0.642875,1,0.000000,0.693147,48,9
7,261,4,51,0,0.666076,0,0.000000,0.693147,48,9
7,261,5,51,1,0.659243,1,0.000000,0.693147,48,9
7,261,6,64,1,0.737331,1,0.000000,0.693147,48,9
7,261,7,64,1,0.751121,1,0.000000,0.693147,48,9
7,261,8,64,1,0.644022,1,0.000000,0.693147,48,9
7,261,9,51,1,0.726312,1,0.000000,0.693147,48,9
7,261,10,51,1,0.712417,1,0.000000,0.693147,48,9
7,261,11,51,1,0.751406,1,0.000000,0.693147,48,9
7,261,12,12,0,0.806353,0,0.000000,0.693147,48,9
7,261,13,12,1,0.778600,1,0.000000,0.693147,48,9
7,261,14,12,0,0.810707,0,0.000000,0.693147,48,9
7,261,15,12,0,0.779235,0,0.000000,0.693147,48,9
7,261,16,12,1,0.740047,1,0.000000,0.693147,48,9
7,261,17,12,1,0.793224,1,0.000000,0.693147,48,9
7,261,18,12,1,0.799572,1,0.000000,0.693147,48,9
7,261,19,12,1,0.734690,1,0.000000,0.693147,48,9
7,261,20,11,0,0.779564,0,0.000000,0.693147,48,9
7,261,21,11,1,0.756465,1,0.000000,0.693147,48,9
7,261,22,11,0,0.746817,0,0.000000,0.693147,48,9
7,261,23,11,1,0.722816,1,0.000000,0.693147,48,9
7,261,24,11,1,0.749969,1,0.000000,0.693147,48,9
7,261,25,11,0,0.756200,0,0.000000,0.693147,48,9
7,261,26,11,1,0.726694,1,0.000000,0.693147,48,9
7,261,27,11,1,0.809571,1,0.000000,0.693147,48,9
7,261,28,11,1,0.748830,1,0.000000,0.693147,48,9
7,261,29,11,1,0.627206,1,0.000000,0.693147,48,9
7,261,30,61,1,0.833235,1,0.000000,0.693147,48,9
7,261,31,61,1,0.834570,1,0.000000,0.693147,48,9
7,261,32,61,1,0.836076,1,0.000000,0.693147,48,9
7,261,33,79,1,0.872018,1,0.000000,0.693147,48,9
7,261,34,79,1,0.872991,1,0.000000,0.693147,48,9
7,261,35,79,0,0.577741,0,0.000000,0.693147,48,9
7,261,36,60,1,0.545524,1,0.000000,0.693147,48,9
7,261,37,60,1,0.681737,1,0.000000,0.693147,48,9
7,261,38,60,1,0.715189,1,0.000000,0.693147,48,9
7,261,39,60,0,0.611561,0,0.000000,0.693147,48,9
7,261,40,5,1,0.621112,1,0.000000,0.693147,48,9
7,261,41,5,0,0.786018,0,0.000000,0.693147,48,9
7,261,42,5,0,0.581681,0,0.000000,0.693147,48,9
7,261,43,5,1,0.524400,1,0.000000,0.693147,48,9
7,261,44,5,1,0.742392,1,0.000000,0.693147,48,9
7,261,45,5,1,0.729887,1,0.000000,0.693147,48,9
7,261,46,5,1,0.734973,1,0.000000,0.693147,48,9
7,261,47,26,1,0.822893,1,0.000000,0.693147,48,9
7,261,48,26,1,0.793225,1,0.000000,0.693147,48,9
8,79,1,54,1,0.887200,1,0.000000,0.693147,66,14
8,79,2,54,1,0.903594,1,0.000000,0.693147,66,14
8,79,3,54,1,0.882257,1,0.000000,0.693147,66,14
8,79,4,54,1,0.896575,1,0.000000,0.693147,66,14
8,79,5,54,1,0.903313,1,0.000000,0.693147,66,14
8,79,6,54,1,0.904339,1,0.000000,0.693147,66,14
8,79,7,54,1,0.702473,1,0.000000,0.693147,66,14
8,79,8,33,1,0.769631,1,0.000000,0.693147,66,14
8,79,9,33,1,0.744070,1,0.000000,0.693147,66,14
8,79,10,33,1,0.677528,1,0.000000,0.693147,66,14
8,79,11,20,1,0.806356,1,0.000000,0.693147,66,14
8,79,12,20,1,0.853499,1,0.000000,0.693147,66,14
8,79,13,20,1,0.794943,1,0.000000,0.693147,66,14
8,79,14,60,1,0.849959,1,0.000000,0.693147,66,14
8,79,15,60,0,0.827459,0,0.000000,0.693147,66,14
8,79,16,60,0,0.844996,0,0.000000,0.693147,66,14
8,79,17,60,1,0.814584,1,0.000000,0.693147,66,14
8,79,18,60,1,0.842658,1,0.000000,0.693147,66,14
8,79,19,60,1,0.875873,1,0.000000,0.693147,66,14
8,79,20,60,0,0.915372,0,0.000000,0.693147,66,14
8,79,21,53,1,0.924936,1,0.000000,0.693147,66,14
8,79,22,53,0,0.916521,0,0.000000,0.693147,66,14
8,79,23,53,1,0.912174,1,0.000000,0.693147,66,14
8,79,24,53,1,0.924252,1,0.000000,0.693147,66,14
8,79,25,53,1,0.923412,1,0.000000,0.693147,66,14
8,79,26,53,1,0.902853,1,0.000000,0.693147,66,14
8,79,27,62,1,0.920230,1,0.000000,0.693147,66,14
8,79,28,62,1,0.918531,1,0.000000,0.693147,66,14
8,79,29,62,1,0.770990,1,0.000000,0.693147,66,14
8,79,30,61,1,0.882918,1,0.000000,0.693147,66,14
8,79,31,61,1,0.891253,1,0.000000,0.693147,66,14
8,79,32,61,1,0.591332,1,0.000000,0.693147,66,14
8,79,33,51,1,0.794281,1,0.000000,0.693147,66,14
8,79,34,51,0,0.780529,0,0.000000,0.693147,66,14
8,79,35,51,0,0.680037,0,0.000000,0.693147,66,14
8,79,36,64,0,0.752975,0,0.000000,0.693147,66,14
8,79,37,4,1,0.752797,1,0.000000,0.693147,66,14
8,79,38,4,0,0.818095,0,0.000000,0.693147,66,14
8,79,39,4,0,0.798847,0,0.000000,0.693147,66,14
8,79,40,4,1,0.794264,1,0.000000,0.693147,66,14
8,79,41,4,1,0.846127,1,0.000000,0.693147,66,14
8,79,42,4,1,0.814239,1,0.000000,0.693147,66,14
8,79,43,4,1,0.850904,1,0.000000,0.693147,66,14
8,79,44,73,1,0.850244,1,0.000000,0.693147,66,14
8,79,45,73,1,0.870840,1,0.000000,0.693147,66,14
8,79,46,73,0,0.551499,0,0.000000,0.693147,66,14
8,79,47,64,1,0.631061,1,0.000000,0.693147,66,14
8,79,48,64,1,0.779458,1,0.000000,0.693147,66,14
8,79,49,64,1,0.808887,1,0.000000,0.693147,66,14
8,79,50,64,1,0.814102,1,0.000000,0.693147,66,14
8,79,51,64,1,0.811762,1,0.000000,0.693147,66,14
8,79,52,64,0,0.593656,0,0.000000,0.693147,66,14
8,79,53,51,0,0.595086,0,0.000000,0.693147,66,14
8,79,54,51,1,0.568434,1,0.000000,0.693147,66,14
8,79,55,30,1,0.776145,1,0.000000,0.693147,66,14
8,79,56,30,0,0.818537,0,0.000000,0.693147,66,14
8,79,57,30,1,0.732112,1,0.000000,0.693147,66,14
8,79,58,30,1,0.802986,1,0.000000,0.693147,66,14
8,79,59,30,1,0.778251,1,0.000000,0.693147,66,14
8,79,60,30,0,0.273620,1,0.000000,0.693147,66,14
8,79,61,29,0,0.395498,1,0.000000,0.693147,66,14
8,79,62,29,1,0.404555,0,0.000000,0.693147,66,14
8,79,63,28,1,0.730675,1,0.000000,0.693147,66,14
8,79,64,28,0,0.720923,0,0.000000,0.693147,66,14
8,79,65,28,0,0.536031,0,0.000000,0.693147,66,14
8,79,66,28,0,0.484471,1,0.000000,0.693147,66,14
9,412,1,7,1,0.892848,1,0.000000,0.693147,88,21
9,412,2,7,1,0.911981,1,0.000000,0.693147,88,21
9,412,3,7,1,0.806158,1,0.000000,0.693147,88,21
9,412,4,0,1,0.867416,1,0.000000,0.693147,88,21
9,412,5,0,1,0.887401,1,0.000000,0.693147,88,21
9,412,6,0,1,0.897184,1,0.000000,0.693147,88,21
9,412,7,8,1,0.929586,1,0.000000,0.693147,88,21
9,412,8,8,1,0.920530,1,0.000000,0.693147,88,21
9,412,9,8,0,0.895997,0,0.000000,0.693147,88,21
9,412,10,9,1,0.871674,1,0.000000,0.693147,88,21
9,412,11,9,1,0.894391,1,0.000000,0.693147,88,21
9,412,12,9,1,0.896305,1,0.000000,0.693147,88,21
9,412,13,9,1,0.848456,1,0.000000,0.693147,88,21
9,412,14,10,1,0.909272,1,0.000000,0.693147,88,21
9,412,15,10,1,0.922742,1,0.000000,0.693147,88,21
9,412,16,10,1,0.836861,1,0.000000,0.693147,88,21
9,412,17,11,1,0.829059,1,0.000000,0.693147,88,21
9,412,18,11,0,0.832768,0,0.000000,0.693147,88,21
9,412,19,11,1,0.747864,1,0.000000,0.693147,88,21
9,412,20,11,1,0.798559,1,0.000000,0.693147,88,21
9,412,21,11,1,0.817006,1,0.000000,0.693147,88,21
9,412,22,11,1,0.768267,1,0.000000,0.693147,88,21
9,412,23,12,1,0.855263,1,0.000000,0.693147,88,21
9,412,24,12,1,0.858040,1,0.000000,0.693147,88,21
9,412,25,12,1,0.842548,1,0.000000,0.693147,88,21
9,412,26,13,1,0.843047,1,0.000000,0.693147,88,21
9,412,27,13,1,0.858090,1,0.000000,0.693147,88,21
9,412,28,13,1,0.883883,1,0.000000,0.693147,88,21
9,412,29,94,1,0.911241,1,0.000000,0.693147,88,21
9,412,30,94,1,0.921486,1,0.000000,0.693147,88,21
9,412,31,94,1,0.906941,1,0.000000,0.693147,88,21
9,412,32,74,1,0.896564,1,0.000000,0.693147,88,21
9,412,33,74,1,0.883110,1,0.000000,0.693147,88,21
9,412,34,74,1,0.808614,1,0.000000,0.693147,88,21
9,412,35,84,1,0.893731,1,0.000000,0.693147,88,21
9,412,36,84,1,0.905397,1,0.000000,0.693147,88,21
9,412,37,84,1,0.877431,1,0.000000,0.693147,88,21
9,412,38,84,1,0.910938,1,0.000000,0.693147,88,21
9,412,39,84,1,0.896542,1,0.000000,0.693147,88,21
9,412,40,84,1,0.913595,1,0.000000,0.693147,88,21
9,412,41,84,1,0.923751,1,0.000000,0.693147,88,21
9,412,42,84,1,0.894123,1,0.000000,0.693147,88,21
9,412,43,19,1,0.902242,1,0.000000,0.693147,88,21
9,412,44,19,1,0.896845,1,0.000000,0.693147,88,21
9,412,45,19,1,0.838096,1,0.000000,0.693147,88,21
9,412,46,76,1,0.903047,1,0.000000,0.693147,88,21
9,412,47,76,1,0.910625,1,0.000000,0.693147,88,21
9,412,48,76,1,0.917262,1,0.000000,0.693147,88,21
9,412,49,3,1,0.934145,1,0.000000,0.693147,88,21
9,412,50,3,1,0.928739,1,0.000000,0.693147,88,21
9,412,51,3,1,0.848684,1,0.000000,0.693147,88,21
9,412,52,57,1,0.829373,1,0.000000,0.693147,88,21
9,412,53,57,1,0.841943,1,0.000000,0.693147,88,21
9,412,54,57,1,0.742395,1,0.000000,0.693147,88,21
9,412,55,2,1,0.839608,1,0.000000,0.693147,88,21
9,412,56,2,1,0.822805,1,0.000000,0.693147,88,21
9,412,57,2,1,0.800255,1,0.000000,0.693147,88,21
9,412,58,2,1,0.895943,1,0.000000,0.693147,88,21
9,412,59,62,1,0.931579,1,0.000000,0.693147,88,21
9,412,60,62,1,0.935418,1,0.000000,0.693147,88,21
9,412,61,62,1,0.721557,1,0.000000,0.693147,88,21
9,412,62,33,0,0.802190,0,0.000000,0.693147,88,21
9,412,63,33,1,0.778980,1,0.000000,0.693147,88,21
9,412,64,33,1,0.840459,1,0.000000,0.693147,88,21
9,412,65,33,1,0.748351,1,0.000000,0.693147,88,21
9,412,66,33,1,0.674475,1,0.000000,0.693147,88,21
9,412,67,60,0,0.836742,0,0.000000,0.693147,88,21
9,412,68,60,0,0.767994,0,0.000000,0.693147,88,21
9,412,69,60,1,0.724868,1,0.000000,0.693147,88,21
9,412,70,60,1,0.807721,1,0.000000,0.693147,88,21
9,412,71,60,1,0.811652,1,0.000000,0.693147,88,21
9,412,72,60,1,0.740970,1,0.000000,0.693147,88,21
9,412,73,31,1,0.878005,1,0.000000,0.693147,88,21
9,412,74,31,1,0.874224,1,0.000000,0.693147,88,21
9,412,75,31,0,0.800639,0,0.000000,0.693147,88,21
9,412,76,60,0,0.821839,0,0.000000,0.693147,88,21
9,412,77,60,0,0.792654,0,0.000000,0.693147,88,21
9,412,78,60,1,0.779610,1,0.000000,0.693147,88,21
9,412,79,33,1,0.864597,1,0.000000,0.693147,88,21
9,412,80,33,0,0.854913,0,0.000000,0.693147,88,21
9,412,81,33,1,0.799408,1,0.000000,0.693147,88,21
9,412,82,33,1,0.889513,1,0.000000,0.693147,88,21
9,412,83,33,1,0.853478,1,0.000000,0.693147,88,21
9,412,84,33,0,0.790249,0,0.000000,0.693147,88,21
9,412,85,60,1,0.826454,1,0.000000,0.693147,88,21
9,412,86,60,1,0.733169,1,0.000000,0.693147,88,21
9,412,87,66,1,0.876538,1,0.000000,0.693147,88,21
9,412,88,66,1,0.853853,1,0.000000,0.693147,88,21
10,249,1,65,1,0.590708,1,0.000000,0.693147,199,28
10,249,2,65,1,0.742025,1,0.000000,0.693147,199,28
10,249,3,65,0,0.759238,0,0.000000,0.693147,199,28
10,249,4,65,1,0.635859,1,0.000000,0.693147,199,28
10,249,5,65,1,0.722701,1,0.000000,0.693147,199,28
10,249,6,65,0,0.483161,1,0.000000,0.693147,199,28
10,249,7,69,1,0.522665,1,0.000000,0.693147,199,28
10,249,8,69,1,0.612119,1,0.000000,0.693147,199,28
10,249,9,69,1,0.706162,1,0.000000,0.693147,199,28
10,249,10,69,1,0.737742,1,0.000000,0.693147,199,28
10,249,11,65,1,0.477030,0,0.000000,0.693147,199,28
10,249,12,18,1,0.701257,1,0.000000,0.693147,199,28
10,249,13,73,1,0.838339,1,0.000000,0.693147,199,28
10,249,14,73,1,0.829206,1,0.000000,0.693147,199,28
10,249,15,73,1,0.710917,1,0.000000,0.693147,199,28
10,249,16,56,1,0.858099,1,0.000000,0.693147,199,28
10,249,17,56,1,0.866656,1,0.000000,0.693147,199,28
10,249,18,56,1,0.492533,0,0.000000,0.693147,199,28
10,249,19,18,0,0.648664,0,0.000000,0.693147,199,28
10,249,20,18,0,0.556463,0,0.000000,0.693147,199,28
10,249,21,18,0,0.576273,0,0.000000,0.693147,199,28
10,249,22,18,1,0.593106,1,0.000000,0.693147,199,28
10,249,23,18,1,0.677305,1,0.000000,0.693147,199,28
10,249,24,18,1,0.693974,1,0.000000,0.693147,199,28
10,249,25,18,1,0.652087,1,0.000000,0.693147,199,28
10,249,26,37,1,0.886605,1,0.000000,0.693147,199,28
10,249,27,37,1,0.890625,1,0.000000,0.693147,199,28
10,249,28,37,1,0.884009,1,0.000000,0.693147,199,28
10,249,29,7,1,0.909874,1,0.000000,0.693147,199,28
10,249,30,7,1,0.892499,1,0.000000,0.693147,199,28
10,249,31,7,1,0.517982,1,0.000000,0.693147,199,28
10,249,32,29,1,0.683345,1,0.000000,0.693147,199,28
10,249,33,29,0,0.714121,0,0.000000,0.693147,199,28
10,249,34,12,0,0.786408,0,0.000000,0.693147,199,28
10,249,35,12,1,0.725513,1,0.000000,0.693147,199,28
10,249,36,12,1,0.779179,1,0.000000,0.693147,199,28
10,249,37,12,1,0.779377,1,0.000000,0.693147,199,28
10,249,38,12,0,0.757656,0,0.000000,0.693147,199,28
10,249,39,0,1,0.162577,0,0.000000,0.693147,199,28
10,249,40,0,1,0.849129,1,0.000000,0.693147,199,28
10,249,41,0,1,0.822294,1,0.000000,0.693147,199,28
10,249,42,0,1,0.737374,1,0.000000,0.693147,199,28
10,249,43,11,1,0.810247,1,0.000000,0.693147,199,28
10,249,44,11,0,0.759887,0,0.000000,0.693147,199,28
10,249,45,11,1,0.682563,1,0.000000,0.693147,199,28
10,249,46,11,1,0.769592,1,0.000000,0.693147,199,28
10,249,47,11,1,0.766181,1,0.000000,0.693147,199,28
10,249,48,11,1,0.874350,1,0.000000,0.693147,199,28
10,249,49,77,1,0.903416,1,0.000000,0.693147,199,28
10,249,50,77,0,0.908031,0,0.000000,0.693147,199,28
10,249,51,77,1,0.832791,1,0.000000,0.693147,199,28
10,249,52,77,1,0.895359,1,0.000000,0.693147,199,28
10,249,53,77,0,0.909578,0,0.000000,0.693147,199,28
10,249,54,77,0,0.824429,0,0.000000,0.693147,199,28
10,249,55,77,0,0.843330,0,0.000000,0.693147,199,28
10,249,56,77,1,0.834025,1,0.000000,0.693147,199,28
10,249,57,77,0,0.907795,0,0.000000,0.693147,199,28
10,249,58,77,0,0.840196,0,0.000000,0.693147,199,28
10,249,59,9,0,0.832440,0,0.000000,0.693147,199,28
10,249,60,9,1,0.833382,1,0.000000,0.693147,199,28
10,249,61,9,1,0.868252,1,0.000000,0.693147,199,28
10,249,62,9,0,0.894821,0,0.000000,0.693147,199,28
10,249,63,9,1,0.791123,1,0.000000,0.693147,199,28
10,249,64,9,1,0.900356,1,0.000000,0.693147,199,28
10,249,65,9,1,0.882552,1,0.000000,0.693147,199,28
10,249,66,9,0,0.643404,0,0.000000,0.693147,199,28
10,249,67,75,1,0.657909,1,0.000000,0.693147,199,28
10,249,68,75,1,0.773324,1,0.000000,0.693147,199,28
10,249,69,75,0,0.786440,0,0.000000,0.693147,199,28
10,249,70,75,1,0.645853,1,0.000000,0.693147,199,28
10,249,71,75,1,0.736066,1,0.000000,0.693147,199,28
10,249,72,75,1,0.767293,1,0.000000,0.693147,199,28
10,249,73,75,0,0.855372,0,0.000000,0.693147,199,28
10,249,74,10,1,0.723937,1,0.000000,0.693147,199,28
10,249,75,10,0,0.879404,0,0.000000,0.693147,199,28
10,249,76,10,1,0.631202,1,0.000000,0.693147,199,28
10,249,77,10,1,0.857013,1,0.000000,0.693147,199,28
10,249,78,10,0,0.852481,0,0.000000,0.693147,199,28
10,249,79,10,1,0.684821,1,0.000000,0.693147,199,28
10,249,80,10,1,0.809656,1,0.000000,0.693147,199,28
10,249,81,10,1,0.862633,1,0.000000,0.693147,199,28
10,249,82,10,1,0.875921,1,0.000000,0.693147,199,28
10,249,83,77,1,0.887042,1,0.000000,0.693147,199,28
10,249,84,77,1,0.894869,1,0.000000,0.693147,199,28
10,249,85,77,1,0.609501,1,0.000000,0.693147,199,28
10,249,86,57,1,0.640082,1,0.000000,0.693147,199,28
10,249,87,57,0,0.714608,0,0.000000,0.693147,199,28
10,249,88,57,1,0.617614,1,0.000000,0.693147,199,28
10,249,89,57,0,0.694041,0,0.000000,0.693147,199,28
10,249,90,57,0,0.614303,0,0.000000,0.693147,199,28
10,249,91,57,0,0.604927,0,0.000000,0.693147,199,28
10,249,92,57,0,0.546380,0,0.000000,0.693147,199,28
10,249,93,57,1,0.586826,1,0.000000,0.693147,199,28
10,249,94,57,1,0.652093,1,0.000000,0.693147,199,28
10,249,95,57,1,0.629159,1,0.000000,0.693147,199,28
10,249,96,57,0,0.498322,1,0.000000,0.693147,199,28
10,249,97,61,1,0.667560,1,0.000000,0.693147,199,28
10,249,98,61,1,0.776461,1,0.000000,0.693147,199,28
10,249,99,61,1,0.746097,1,0.000000,0.693147,199,28
10,249,100,61,0,0.531245,0,0.000000,0.693147,199,28
10,249,101,2,0,0.507566,0,0.000000,0.693147,199,28
10,249,102,2,1,0.577967,1,0.000000,0.693147,199,28
10,249,103,2,1,0.658314,1,0.000000,0.693147,199,28
10,249,104,2,0,0.646279,0,0.000000,0.693147,199,28
10,249,105,2,0,0.570322,0,0.000000,0.693147,199,28
10,249,106,2,0,0.475883,1,0.000000,0.693147,199,28
10,249,107,2,1,0.459397,0,0.000000,0.693147,199,28
10,249,108,2,0,0.588287,0,0.000000,0.693147,199,28
10,249,109,2,1,0.440640,0,0.000000,0.693147,199,28
10,249,110,2,0,0.543191,0,0.000000,0.693147,199,28
10,249,111,2,1,0.614546,1,0.000000,0.693147,199,28
10,249,112,79,0,0.832346,0,0.000000,0.693147,199,28
10,249,113,79,1,0.739473,1,0.000000,0.693147,199,28
10,249,114,79,1,0.833896,1,0.000000,0.693147,199,28
10,249,115,79,1,0.819413,1,0.000000,0.693147,199,28
10,249,116,79,0,0.496257,1,0.000000,0.693147,199,28
10,249,117,78,1,0.714971,1,0.000000,0.693147,199,28
10,249,118,78,1,0.910963,1,0.000000,0.693147,199,28
10,249,119,78,0,0.891365,0,0.000000,0.693147,199,28
10,249,120,78,1,0.757564,1,0.000000,0.693147,199,28
10,249,121,78,1,0.887122,1,0.000000,0.693147,199,28
10,249,122,78,1,0.897606,1,0.000000,0.693147,199,28
10,249,123,78,1,0.793188,1,0.000000,0.693147,199,28
10,249,124,62,1,0.840505,1,0.000000,0.693147,199,28
10,249,125,62,1,0.830082,1,0.000000,0.693147,199,28
10,249,126,62,1,0.746652,1,0.000000,0.693147,199,28
10,249,127,63,1,0.907364,1,0.000000,0.693147,199,28
10,249,128,63,1,0.901344,1,0.000000,0.693147,199,28
10,249,129,63,0,0.408870,1,0.000000,0.693147,199,28
10,249,130,33,1,0.457530,0,0.000000,0.693147,199,28
10,249,131,5,1,0.685373,1,0.000000,0.693147,199,28
10,249,132,5,1,0.685668,1,0.000000,0.693147,199,28
10,249,133,5,0,0.627915,0,0.000000,0.693147,199,28
10,249,134,2,0,0.545736,0,0.000000,0.693147,199,28
10,249,135,2,1,0.565075,1,0.000000,0.693147,199,28
10,249,136,2,1,0.540216,1,0.000000,0.693147,199,28
10,249,137,2,1,0.584385,1,0.000000,0.693147,199,28
10,249,138,2,0,0.423830,1,0.000000,0.693147,199,28
10,249,139,33,1,0.538298,1,0.000000,0.693147,199,28
10,249,140,33,1,0.660764,1,0.000000,0.693147,199,28
10,249,141,33,1,0.679631,1,0.000000,0.693147,199,28
10,249,142,33,0,0.344927,1,0.000000,0.693147,199,28
10,249,143,28,0,0.459827,1,0.000000,0.693147,199,28
10,249,144,28,0,0.471026,1,0.000000,0.693147,199,28
10,249,145,28,1,0.478540,0,0.000000,0.693147,199,28
10,249,146,28,1,0.604664,1,0.000000,0.693147,199,28
10,249,147,28,1,0.692876,1,0.000000,0.693147,199,28
10,249,148,28,0,0.223707,1,0.000000,0.693147,199,28
10,249,149,29,0,0.240564,1,0.000000,0.693147,199,28
10,249,150,29,0,0.378780,1,0.000000,0.693147,199,28
10,249,151,29,1,0.352337,0,0.000000,0.693147,199,28
10,249,152,29,1,0.606831,1,0.000000,0.693147,199,28
10,249,153,29,1,0.499031,0,0.000000,0.693147,199,28
10,249,154,29,0,0.628502,0,0.000000,0.693147,199,28
10,249,155,30,0,0.664916,0,0.000000,0.693147,199,28
10,249,156,30,1,0.726243,1,0.000000,0.693147,199,28
10,249,157,30,1,0.761636,1,0.000000,0.693147,199,28
10,249,158,30,1,0.752524,1,0.000000,0.693147,199,28
10,249,159,30,1,0.841052,1,0.000000,0.693147,199,28
10,249,160,7,1,0.893690,1,0.000000,0.693147,199,28
10,249,161,7,1,0.904572,1,0.000000,0.693147,199,28
10,249,162,7,1,0.723904,1,0.000000,0.693147,199,28
10,249,163,0,1,0.811490,1,0.000000,0.693147,199,28
10,249,164,0,1,0.843246,1,0.000000,0.693147,199,28
10,249,165,0,1,0.872236,1,0.000000,0.693147,199,28
10,249,166,10,1,0.879592,1,0.000000,0.693147,199,28
10,249,167,10,1,0.883169,1,0.000000,0.693147,199,28
10,249,168,10,1,0.770522,1,0.000000,0.693147,199,28
10,249,169,75,1,0.825367,1,0.000000,0.693147,199,28
10,249,170,75,1,0.788569,1,0.000000,0.693147,199,28
10,249,171,75,1,0.908941,1,0.000000,0.693147,199,28
10,249,172,8,1,0.915842,1,0.000000,0.693147,199,28
10,249,173,8,1,0.918479,1,0.000000,0.693147,199,28
10,249,174,8,1,0.902641,1,0.000000,0.693147,199,28
10,249,175,9,1,0.909770,1,0.000000,0.693147,199,28
10,249,176,9,0,0.914543,0,0.000000,0.693147,199,28
10,249,177,9,1,0.847761,1,0.000000,0.693147,199,28
10,249,178,9,1,0.909860,1,0.000000,0.693147,199,28
10,249,179,9,0,0.915522,0,0.000000,0.693147,199,28
10,249,180,9,1,0.846933,1,0.000000,0.693147,199,28
10,249,181,9,0,0.898507,0,0.000000,0.693147,199,28
10,249,182,9,1,0.835255,1,0.000000,0.693147,199,28
10,249,183,9,1,0.906175,1,0.000000,0.693147,199,28
10,249,184,9,1,0.913700,1,0.000000,0.693147,199,28
10,249,185,9,1,0.915366,1,0.000000,0.693147,199,28
10,249,186,77,1,0.891496,1,0.000000,0.693147,199,28
10,249,187,77,1,0.919234,1,0.000000,0.693147,199,28
10,249,188,77,0,0.799042,0,0.000000,0.693147,199,28
10,249,189,17,0,0.766803,0,0.000000,0.693147,199,28
10,249,190,17,1,0.773298,1,0.000000,0.693147,199,28
10,249,191,17,1,0.764131,1,0.000000,0.693147,199,28
10,249,192,17,0,0.820004,0,0.000000,0.693147,199,28
10,249,193,17,1,0.749514,1,0.000000,0.693147,199,28
10,249,194,17,1,0.806411,1,0.000000,0.693147,199,28
10,249,195,17,1,0.778922,1,0.000000,0.693147,199,28
10,249,196,17,1,0.680092,1,0.000000,0.693147,199,28
10,249,197,11,1,0.840426,1,0.000000,0.693147,199,28
10,249,198,79,1,0.873347,1,0.000000,0.693147,199,28
10,249,199,79,0,0.864556,0,0.000000,0.693147,199,28
